Randoplh32,Region,Glacier_Na,CentLAT,CentLON
RGI32-01.01881,Alaska-Yukon,Marshall,61.041401,-145.520004
RGI32-01.04652,Alaska-Yukon,CA2N001GL056,56.5318979999999,-130.936004999999
RGI32-01.04832,Alaska-Yukon,CA2N001FH065,57.4343989999999,-131.516007
RGI32-01.06925,Alaska-Yukon,CA2N001AD241,57.101601,-128.834
RGI32-01.06929,Alaska-Yukon,CA2N001AD230,57.0726009999999,-128.787994
RGI32-01.06991,Alaska-Yukon,CA2N001AD231,57.073399,-128.798003999999
RGI32-01.06992,Alaska-Yukon,CA2N001AD227,57.0707019999999,-128.772995
RGI32-01.07700,Alaska-Yukon,CA2N001FM084,56.510601,-131.483994
RGI32-01.08867,Alaska-Yukon,UnnamedPA1969145,60.2428019999999,-149.201004
RGI32-01.08876,Alaska-Yukon,UnnamedPA1969142,60.2597999999999,-149.210006999999
RGI32-01.09411,Alaska-Yukon,UnnamedPA1969140,60.3986009999999,-148.960006999999
RGI32-01.09496,Alaska-Yukon,Trail,60.553299,-148.906005999999
RGI32-01.09600,Alaska-Yukon,skookum,60.720402,-148.880997
RGI32-01.09610,Alaska-Yukon,UnnamedPA1969139,60.6769979999999,-148.871002
RGI32-01.10123,Alaska-Yukon,Chenega,60.272598,-148.613998
RGI32-01.10581,Alaska-Yukon,Colony,61.169998,-148.393004999999
RGI32-01.10844,Alaska-Yukon,Knik,61.3391,-148.138001
RGI32-01.11108,Alaska-Yukon,Crescent,60.9911999999999,-147.854004
RGI32-17.01986,Andes,Universidad,-34.607201,-70.336098
RGI32-17.02009,Andes,Laguna,-34.4934999999999,-70.112503
RGI32-17.08141,Andes,PioXI,-49.261299,-73.624802
RGI32-17.19624,Andes,NievesNegrasChileno(SWofvolcansanrose),-33.825802,-69.9086
RGI32-17.19626,Andes,Colina/colino,-33.830002,-69.8827969999999
RGI32-17.19713,Andes,CerroMarmolejoEastglacier,-33.7346,-69.8407969999999
RGI32-17.19782,Andes,NevadodelPiuquenesEastglacier,-33.5434989999999,-69.8032989999999
RGI32-17.19875,Andes,GlacierBsouthofTupungatoglacier,-33.491501,-69.7566989999999
RGI32-17.19926,Andes,RioMuseo(delrio),-33.257198,-69.9235989999999
RGI32-17.20007,Andes,Innomiate(innominado),-33.163601,-70.0352019999999
RGI32-17.20078,Andes,VentisqueroGrandedelNevadodelPlomo,-33.1197009999999,-70.0372009999999
RGI32-17.20190,Andes,JuncalSur,-33.0934979999999,-70.116303
RGI32-01.00013,Alaska-Yukon,Susitna,63.4803009999999,-146.729004
RGI32-01.00020,Alaska-Yukon,Eureka,63.3568,-146.360001
RGI32-01.00021,Alaska-Yukon,MacLaren,63.329498,-146.535003999999
RGI32-01.00037,Alaska-Yukon,BlackRapids,63.423099,-146.486999999999
RGI32-01.00038,Alaska-Yukon,Trident,63.6015009999999,-146.466995
RGI32-01.00039,Alaska-Yukon,BlackrapidsS5Trib,63.3977999999999,-146.070007
RGI32-01.00042,Alaska-Yukon,Yanert,63.6021,-147.714003999999
RGI32-01.00046,Alaska-Yukon,WestFork,63.541801,-147.274993999999
RGI32-01.00313,Alaska-Yukon,Gakona,63.2481,-145.195007
RGI32-01.00325,Alaska-Yukon,ChistochinaNorth,63.2182999999999,-144.772003
RGI32-01.00578,Alaska-Yukon,Gulkana,63.2809979999999,-145.427001999999
RGI32-01.00579,Alaska-Yukon,Canwell,63.3209,-145.449005
RGI32-01.00580,Alaska-Yukon,ChistochinaWestUnnamedPA1969108,63.243099,-145.029007
RGI32-01.00582,Alaska-Yukon,Chistochina,63.2023009999999,-144.710997999999
RGI32-01.00720,Alaska-Yukon,SheepCreek(MendenhallGlacier?),58.517201,-134.481995
RGI32-01.00962,Alaska-Yukon,RenduD,59.001598,-133.709
RGI32-01.01124,Alaska-Yukon,Vesper,58.379601,-134.348998999999
RGI32-01.01425,Alaska-Yukon,HoleintheWall,58.648499,-134.225006
RGI32-01.01755,Alaska-Yukon,LittleTasnuna,61.0257989999999,-145.417007
RGI32-01.01795,Alaska-Yukon,Tasnuna,60.9958,-145.498993
RGI32-01.01802,Alaska-Yukon,Childs,60.677601,-144.936004999999
RGI32-01.01838,Alaska-Yukon,Allen,60.779701,-144.906997999999
RGI32-01.01845,Alaska-Yukon,UnnamedPA1969134,60.826,-145.363007
RGI32-01.01879,Alaska-Yukon,Deserted,60.9950979999999,-145.604996
RGI32-01.11122,Alaska-Yukon,Amherst,61.006,-147.825
RGI32-01.11322,Alaska-Yukon,Harvard,61.3072009999999,-147.666
RGI32-01.11341,Alaska-Yukon,UnnamedPA1969138,61.6054,-147.431
RGI32-01.11413,Alaska-Yukon,UnnamedPA1969137,61.620201,-147.261001999999
RGI32-01.11507,Alaska-Yukon,Columbia,61.2827989999999,-146.929993
RGI32-01.11632,Alaska-Yukon,UnnamedPA1969135,61.5283999999999,-146.697998
RGI32-01.12701,Alaska-Yukon,4*9ACC46,59.8455009999999,-135.654007
RGI32-01.12743,Alaska-Yukon,CA2O016CE043,59.9673999999999,-136.259995
RGI32-01.12754,Alaska-Yukon,CA2O016CD050,59.891499,-135.912003
RGI32-01.12975,Alaska-Yukon,UnnamedPA1969103,61.651699,-154.225006
RGI32-01.13000,Alaska-Yukon,SledPass,61.709999,-152.688995
RGI32-01.13002,Alaska-Yukon,UnnamedPA1969102,61.7261999999999,-154.266007
RGI32-01.13038,Alaska-Yukon,UnnamedPA196972,61.817501,-152.442001
RGI32-01.13094,Alaska-Yukon,UnnamedPA1969105,61.98505008,-153.9704536
RGI32-01.13116,Alaska-Yukon,UnnamedPA1969104,62.118198,-154.315001999999
RGI32-01.13119,Alaska-Yukon,Stoney,61.920799,-152.901001
RGI32-01.13142,Alaska-Yukon,UnnamedPA196973,61.813499,-152.371002
RGI32-01.13146,Alaska-Yukon,UnnamedPA196971,61.794701,-152.505005
RGI32-01.13166,Alaska-Yukon,LittleBlackandTan,61.7564009999999,-152.600006
RGI32-01.13168,Alaska-Yukon,BlackandTan,61.7230989999999,-152.632995999999
RGI32-01.13237,Alaska-Yukon,Hayes,61.652199,-152.481002999999
RGI32-01.13268,Alaska-Yukon,Skwentna,61.523201,-152.651993
RGI32-01.13280,Alaska-Yukon,TwinNorth,61.4915999999999,-152.593994
RGI32-01.13310,Alaska-Yukon,Harpoon,61.377102,-152.485992
RGI32-01.13311,Alaska-Yukon,LittleNagishlamina,61.3391,-152.514998999999
RGI32-01.13318,Alaska-Yukon,PotholePotholes,61.3103979999999,-152.384995
RGI32-01.13333,Alaska-Yukon,Capps,61.3269999999999,-151.906005999999
RGI32-01.13365,Alaska-Yukon,TwinSouth,61.4365999999999,-152.537994
RGI32-01.13390,Alaska-Yukon,Triumvirate,61.483398,-152.195999
RGI32-01.13757,Alaska-Yukon,Miller,59.5433999999999,-138.992004
RGI32-01.14588,Alaska-Yukon,Miles,60.631199,-144.147003
RGI32-01.14605,Alaska-Yukon,MartinRiver,60.548901,-143.878006
RGI32-01.14681,Alaska-Yukon,Duktoth,60.3344,-142.167007
RGI32-01.14719,Alaska-Yukon,Anchor,60.2817989999999,-143.063004
RGI32-01.14723,Alaska-Yukon,Lucia,60.0229,-139.897003
RGI32-01.14724,Alaska-Yukon,Tyndall,60.2535019999999,-141.093002
RGI32-01.14782,Alaska-Yukon,Agassiz,60.146999,-140.488007
RGI32-01.14934,Alaska-Yukon,4*8ABB2,59.6366009999999,-138.300003
RGI32-01.14977,Alaska-Yukon,Alcan1,60.796902,-140.886992999999
RGI32-01.15043,Alaska-Yukon,Taylor,60.785099,-141.574997
RGI32-01.15061,Alaska-Yukon,MarbleEastA,60.873699,-141.561004999999
RGI32-01.15377,Alaska-Yukon,Haenke,60.088402,-139.675995
RGI32-01.15484,Alaska-Yukon,LittleGoat,60.7419009999999,-141.660996
RGI32-01.15562,Alaska-Yukon,Turner,60.0983009999999,-139.796005
RGI32-01.15565,Alaska-Yukon,Miller2ndNorth,60.0968019999999,-139.598007
RGI32-01.15618,Alaska-Yukon,Hubbard,60.397098,-139.496002
RGI32-01.15656,Alaska-Yukon,Kanabe,60.694901,-141.395004
RGI32-01.15705,Alaska-Yukon,Hidden,59.700802,-139.061004999999
RGI32-01.15712,Alaska-Yukon,Butler,59.942402,-139.050003
RGI32-01.15776,Alaska-Yukon,LittleDuktoth,60.3050989999999,-142.283997
RGI32-01.15839,Alaska-Yukon,Galiano,59.9790989999999,-139.710997999999
RGI32-01.15887,Alaska-Yukon,Yahtse,60.3245999999999,-141.714996
RGI32-01.16031,Alaska-Yukon,4*8ABB26,59.787399,-138.251999
RGI32-01.16159,Alaska-Yukon,UnnamedBE2012B,60.102798,-141.753998
RGI32-01.16166,Alaska-Yukon,Steller,60.500301,-143.501999
RGI32-01.16448,Alaska-Yukon,Atrevida,59.9338989999999,-139.830994
RGI32-01.16602,Alaska-Yukon,BondCreekarea,62.244801,-142.613007
RGI32-01.16842,Alaska-Yukon,LittleCrossCreek,62.065102,-142.449005
RGI32-01.16864,Alaska-Yukon,Sanford,62.088501,-144.259995
RGI32-01.16867,Alaska-Yukon,Lime,61.8585009999999,-142.104996
RGI32-01.16868,Alaska-Yukon,BowPassArea,61.9397999999999,-142.210006999999
RGI32-01.16870,Alaska-Yukon,BowCreekEast,61.8992999999999,-142.141998
RGI32-01.16889,Alaska-Yukon,Frederika,61.7783999999999,-142.285996
RGI32-01.16943,Alaska-Yukon,PresidentChairC,61.889702,-142.845992999999
RGI32-01.17039,Alaska-Yukon,PresidentChairB,61.952801,-142.742004
RGI32-01.17043,Alaska-Yukon,Cenabsnik,62.009602,-142.699997
RGI32-01.17049,Alaska-Yukon,CrossCreek,62.0428009999999,-142.651001
RGI32-01.17072,Alaska-Yukon,Boomerang,61.9613,-142.244002999999
RGI32-01.17089,Alaska-Yukon,McNear,61.744301,-142.134003
RGI32-01.17099,Alaska-Yukon,NikondaCreekarea,62.063999,-142.712997
RGI32-01.17105,Alaska-Yukon,MiddleFork,61.8091999999999,-142.175995
RGI32-01.17139,Alaska-Yukon,CopperWest,62.0563999999999,-143.953994999999
RGI32-01.17155,Alaska-Yukon,Chisana,61.8628009999999,-142.307007
RGI32-01.17156,Alaska-Yukon,PresidentChairA,61.9733999999999,-142.684998
RGI32-01.17330,Alaska-Yukon,4*8ABD30,59.8927989999999,-138.070007
RGI32-01.17362,Alaska-Yukon,CongruentF4*9CAS6,61.250599,-139.845001
RGI32-01.17364,Alaska-Yukon,4*9CAS7,61.242001,-139.869994999999
RGI32-01.17383,Alaska-Yukon,Detour4*8ABO11,59.8455999999999,-137.554001
RGI32-01.17384,Alaska-Yukon,4*8ABP14,59.747101,-137.75
RGI32-01.17385,Alaska-Yukon,Ahnkattie,59.6745,-137.759003
RGI32-01.17393,Alaska-Yukon,4*8ACB20,59.8442989999999,-137.459
RGI32-01.17396,Alaska-Yukon,4*8ABO14,59.883999,-137.483994
RGI32-01.17397,Alaska-Yukon,4*8ACB36,60.0037,-137.557007
RGI32-01.17402,Alaska-Yukon,Leloo4*8ABN98,60.0386999999999,-137.641998
RGI32-01.17406,Alaska-Yukon,4*9CAL9,60.8935999999999,-138.518997
RGI32-01.17407,Alaska-Yukon,4*9CAK1,60.9016,-138.309006
RGI32-01.17432,Alaska-Yukon,4*9CAM105,61.032902,-138.940993999999
RGI32-01.17439,Alaska-Yukon,4*9CAM191,61.0493999999999,-139.072998
RGI32-01.17470,Alaska-Yukon,CementC4*9CAT7,61.329701,-139.992996
RGI32-01.17472,Alaska-Yukon,4*9CAT5,61.3408999999999,-139.959
RGI32-01.17473,Alaska-Yukon,CementD4*9CAT4,61.3447,-139.945999
RGI32-01.17474,Alaska-Yukon,StClare6,61.3496019999999,-140.102004999999
RGI32-01.17479,Alaska-Yukon,4*9CAT31,61.399399,-140.044006
RGI32-01.17514,Alaska-Yukon,4*9CAR86,61.144699,-140.007995999999
RGI32-01.17516,Alaska-Yukon,4*9CAR21,61.109299,-139.809006
RGI32-01.17524,Alaska-Yukon,4*9CAR82,61.1693,-139.824005
RGI32-01.17525,Alaska-Yukon,4*8ABC3,59.901401,-138.464996
RGI32-01.17526,Alaska-Yukon,4*8ABE10,60.1025009999999,-138.490005999999
RGI32-01.17533,Alaska-Yukon,4*8ABO68,59.859501,-137.899002
RGI32-01.17553,Alaska-Yukon,4*8ACA66,59.7019009999999,-137.679993
RGI32-01.17570,Alaska-Yukon,Range4*8ABO45,59.8260989999999,-137.768004999999
RGI32-01.17572,Alaska-Yukon,Alki4*8ACA80,59.766499,-137.505005
RGI32-01.17584,Alaska-Yukon,4*8ACB12,59.8237,-137.505997
RGI32-01.17595,Alaska-Yukon,4*9CAL152,60.8923989999999,-138.914002
RGI32-01.17596,Alaska-Yukon,4*9CAL158,60.898899,-138.867004
RGI32-01.17597,Alaska-Yukon,4*9CAL99,60.816799,-139.085006999999
RGI32-01.17598,Alaska-Yukon,4*9CAL121,60.8286019999999,-139.009995
RGI32-01.17599,Alaska-Yukon,LittleKasa4*9CAL96,60.8223989999999,-139.130997
RGI32-01.17600,Alaska-Yukon,4*9CAL119,60.8116989999999,-138.973998999999
RGI32-01.17602,Alaska-Yukon,4*9CAO100,60.8275989999999,-139.535003999999
RGI32-01.17603,Alaska-Yukon,4*9CAL91,60.8059009999999,-139.190993999999
RGI32-01.17605,Alaska-Yukon,4*8ABK82,60.661701,-139.080994
RGI32-01.17628,Alaska-Yukon,4*9CAL88,60.7890009999999,-139.236999999999
RGI32-01.17629,Alaska-Yukon,4*9CAL135,60.823002,-138.817001
RGI32-01.17630,Alaska-Yukon,4*9CAL133,60.8265,-138.796997
RGI32-01.17636,Alaska-Yukon,4*9CAL153,60.883499,-138.875
RGI32-01.17649,Alaska-Yukon,4*9CAM117,60.9360009999999,-138.940001999999
RGI32-01.17658,Alaska-Yukon,4*9CAM131,61.0037,-139.027999999999
RGI32-01.17661,Alaska-Yukon,4*9CAP35,61.052101,-139.598007
RGI32-01.17663,Alaska-Yukon,4*9CAQ105,61.0779989999999,-139.796997
RGI32-01.17665,Alaska-Yukon,4*9CAQ103,61.055698,-139.845992999999
RGI32-01.17666,Alaska-Yukon,4*9CAR15,61.0760989999999,-139.970001
RGI32-01.17668,Alaska-Yukon,4*9CAP11,60.9761999999999,-139.494994999999
RGI32-01.17685,Alaska-Yukon,4*9CAP58,61.105801,-139.557007
RGI32-01.17693,Alaska-Yukon,4*9CAN13,61.2449,-139.406005999999
RGI32-01.17698,Alaska-Yukon,StClare44*9CBE36,61.2854,-140.354004
RGI32-01.17699,Alaska-Yukon,MountWoodA,61.307499,-140.516007
RGI32-01.17700,Alaska-Yukon,4*9CBE34,61.313301,-140.238007
RGI32-01.17703,Alaska-Yukon,4*9CBE33,61.3270989999999,-140.233002
RGI32-01.17713,Alaska-Yukon,CementB4*9CAT13,61.3236009999999,-140.041
RGI32-01.17714,Alaska-Yukon,CementA4*9CAT15,61.324001,-140.082992999999
RGI32-01.17715,Alaska-Yukon,4*9CAS27,61.237301,-140.110992
RGI32-01.17716,Alaska-Yukon,Gibson,61.232101,-140.087006
RGI32-01.17717,Alaska-Yukon,Moffat,61.215698,-140.029007
RGI32-01.17719,Alaska-Yukon,4*9CAS96,61.236099,-140.360992
RGI32-01.17720,Alaska-Yukon,TrapridgeHyena4*9CAS93,61.2224009999999,-140.354004
RGI32-01.17721,Alaska-Yukon,4*9CAS98,61.2477,-140.419006
RGI32-01.17728,Alaska-Yukon,4*9CAS16,61.260502,-139.985001
RGI32-01.17729,Alaska-Yukon,4*9CAS109,61.308399,-140.139998999999
RGI32-01.17731,Alaska-Yukon,WolverineCreekA,61.4095,-140.076996
RGI32-01.17732,Alaska-Yukon,wolverineCreekB,61.4243999999999,-140.119994999999
RGI32-01.17734,Alaska-Yukon,CongruentE4*9CAS9,61.228901,-139.899993999999
RGI32-01.17738,Alaska-Yukon,4*9CAS20,61.2276,-140.014998999999
RGI32-01.17739,Alaska-Yukon,CongruentD4*9CAS11,61.2223019999999,-139.957000999999
RGI32-01.17742,Alaska-Yukon,4*9CAS101,61.273701,-140.432007
RGI32-01.17744,Alaska-Yukon,4*9CBE29,61.3008999999999,-140.210997999999
RGI32-01.17747,Alaska-Yukon,4*9CAQ100,60.978802,-139.824997
RGI32-01.17753,Alaska-Yukon,4*9CAM119,60.9266009999999,-138.975998
RGI32-01.17755,Alaska-Yukon,UnnamedPA1969125,61.009701,-139.466003
RGI32-01.17756,Alaska-Yukon,4*9CAP53,61.0882989999999,-139.559998
RGI32-01.17771,Alaska-Yukon,4*9CAR84,61.1683999999999,-139.843002
RGI32-01.17775,Alaska-Yukon,4*9CAS3,61.2655979999999,-139.811004999999
RGI32-01.17779,Alaska-Yukon,Rusty(Fox)4*9CAS91,61.2002979999999,-140.302001999999
RGI32-01.17782,Alaska-Yukon,4*9CAS35,61.0973019999999,-140.098007
RGI32-01.17789,Alaska-Yukon,Dyke4*8ABO63,59.8198009999999,-137.860992
RGI32-01.17803,Alaska-Yukon,4*8ABO53,59.9226,-137.764998999999
RGI32-01.17808,Alaska-Yukon,4*8ABD66,59.9337999999999,-138.156005999999
RGI32-01.17816,Alaska-Yukon,4*8ABO5,60.002701,-137.671997
RGI32-01.17830,Alaska-Yukon,4*8ABN123,60.0406989999999,-137.735992
RGI32-01.17840,Alaska-Yukon,4*8ABN112,60.106098,-137.736999999999
RGI32-01.17843,Alaska-Yukon,4*8ABN105,60.0679019999999,-137.667999
RGI32-01.17845,Alaska-Yukon,4*8ABN108,60.073399,-137.733002
RGI32-01.17867,Alaska-Yukon,4*8ABF25,60.2268979999999,-138.197005999999
RGI32-01.17872,Alaska-Yukon,4*9CAL147,60.855099,-138.977996999999
RGI32-01.17873,Alaska-Yukon,4*9CAL149,60.8838009999999,-138.988998
RGI32-01.17874,Alaska-Yukon,4*9CAN105,60.9072,-139.059998
RGI32-01.17886,Alaska-Yukon,4*9CAN56,61.014999,-139.188004
RGI32-01.17887,Alaska-Yukon,4*9CAN88,60.9957009999999,-139.218994
RGI32-01.17888,Alaska-Yukon,4*9CAO112,60.9602999999999,-139.464003999999
RGI32-01.17889,Alaska-Yukon,4*9CAO111,60.9504999999999,-139.494002999999
RGI32-01.17892,Alaska-Yukon,4*9CAO72,60.9039989999999,-139.352996999999
RGI32-01.17899,Alaska-Yukon,4*9CAO110,60.9453999999999,-139.520996
RGI32-01.17900,Alaska-Yukon,4*9CAP3,60.974899,-139.423995999999
RGI32-01.17901,Alaska-Yukon,4*9CAN90,60.9830019999999,-139.197005999999
RGI32-01.17905,Alaska-Yukon,Kluane(lil)West4*9CAP26,61.029099,-139.477996999999
RGI32-01.17912,Alaska-Yukon,4*9CBE35,61.2960009999999,-140.281005999999
RGI32-01.17914,Alaska-Yukon,4*9CBE26,61.3282999999999,-140.136992999999
RGI32-01.17915,Alaska-Yukon,4*9CBF32,61.326599,-140.542999
RGI32-01.17916,Alaska-Yukon,4*9CBE54,61.3172,-140.494994999999
RGI32-01.17920,Alaska-Yukon,4*9CAS14,61.249699,-139.979004
RGI32-01.17921,Alaska-Yukon,4*8ABO33,59.845799,-137.669997999999
RGI32-01.17935,Alaska-Yukon,4*8ABD41,59.917599,-137.988998
RGI32-01.17950,Alaska-Yukon,4*8ABG36,60.269001,-138.576996
RGI32-01.17961,Alaska-Yukon,4*8ABK20,60.650398,-138.630997
RGI32-01.17963,Alaska-Yukon,4*8ABH65,60.399399,-138.431
RGI32-01.18014,Alaska-Yukon,4*8ABG75,60.3367999999999,-138.201996
RGI32-01.18016,Alaska-Yukon,4*8ABH42,60.3549,-138.309006
RGI32-01.18059,Alaska-Yukon,4*8ABI40,60.5194019999999,-138.384995
RGI32-01.18070,Alaska-Yukon,4*8ABM7,60.5769009999999,-137.593994
RGI32-01.18117,Alaska-Yukon,4*8ABL17,60.8597979999999,-138.263001
RGI32-01.18131,Alaska-Yukon,4*8ABO26,59.8949009999999,-137.604004
RGI32-01.18132,Alaska-Yukon,4*8ABD10,59.9906999999999,-138.404999
RGI32-01.18133,Alaska-Yukon,4*8ABD4,59.9033009999999,-138.277999999999
RGI32-01.18137,Alaska-Yukon,4*9CAL151,60.900902,-138.942993
RGI32-01.18138,Alaska-Yukon,4*9CAN47,60.978802,-139.104004
RGI32-01.18145,Alaska-Yukon,4*9CAO81,60.9030989999999,-139.391007
RGI32-01.18150,Alaska-Yukon,4*8ABG25,60.2302019999999,-138.419997999999
RGI32-01.18154,Alaska-Yukon,4*8ABG19,60.221001,-138.335006999999
RGI32-01.18161,Alaska-Yukon,4*8ABI3,60.4463999999999,-138.263001
RGI32-01.18162,Alaska-Yukon,4*8ABH75,60.4466019999999,-138.416
RGI32-01.18163,Alaska-Yukon,4*8ABJ32,60.4538,-138.709
RGI32-01.18195,Alaska-Yukon,4*8ABI29,60.4781989999999,-138.382003999999
RGI32-01.18199,Alaska-Yukon,4*8ABJ43,60.570202,-138.610992
RGI32-01.18222,Alaska-Yukon,4*8ABJ45,60.6039999999999,-138.619994999999
RGI32-01.18235,Alaska-Yukon,4*8ABK35,60.7286,-138.675995
RGI32-01.18241,Alaska-Yukon,4*9CAN120,60.9052999999999,-139.141007
RGI32-01.18243,Alaska-Yukon,4*9CAN99,60.940601,-139.044997999999
RGI32-01.18253,Alaska-Yukon,4*8ABJ25,60.516998,-138.457000999999
RGI32-01.18259,Alaska-Yukon,4*8ABK26,60.6892009999999,-138.656997999999
RGI32-01.18261,Alaska-Yukon,Fdetsak4*8ABK47,60.659199,-138.701004
RGI32-01.18262,Alaska-Yukon,4*8ABJ58,60.6366999999999,-138.584
RGI32-01.18277,Alaska-Yukon,4*9CBE55,61.3419,-140.503998
RGI32-01.18278,Alaska-Yukon,4*9CBF29,61.3553009999999,-140.554001
RGI32-01.18279,Alaska-Yukon,4*9CAT25,61.395901,-140.065001999999
RGI32-01.18295,Alaska-Yukon,4*9CAP27,61.0355989999999,-139.494994999999
RGI32-01.18307,Alaska-Yukon,4*8ACB39,60.034599,-137.552994
RGI32-01.18312,Alaska-Yukon,4*8ABD59,59.952499,-138.027999999999
RGI32-01.18313,Alaska-Yukon,4*8ABE19,60.149101,-138.306
RGI32-01.18344,Alaska-Yukon,4*8ABI33,60.4963989999999,-138.427001999999
RGI32-01.18376,Alaska-Yukon,4*8ABM2,60.6596979999999,-137.611999999999
RGI32-01.18388,Alaska-Yukon,4*8AAI127,60.586201,-137.539002
RGI32-01.18389,Alaska-Yukon,4*8ABM9,60.5694009999999,-137.641998
RGI32-01.18401,Alaska-Yukon,4*9CAS2,61.2592009999999,-139.779007
RGI32-01.18404,Alaska-Yukon,4*9CBE38,61.3008,-140.412994
RGI32-01.18405,Alaska-Yukon,4*9CAT30,61.389198,-140.039002
RGI32-01.18412,Alaska-Yukon,4*9CAT3,61.343102,-139.932999
RGI32-01.18415,Alaska-Yukon,4*9CAM189,61.0625,-139.056
RGI32-01.18418,Alaska-Yukon,4*9CAN59,61.021801,-139.220001
RGI32-01.18478,Alaska-Yukon,4*8ABN117,60.101799,-137.843002
RGI32-01.18502,Alaska-Yukon,Littlechitistone1,61.5691989999999,-142.046997
RGI32-01.18550,Alaska-Yukon,LittleChitistone2,61.547001,-142.072998
RGI32-01.18565,Alaska-Yukon,Sheep,61.6413,-141.602996999999
RGI32-01.18578,Alaska-Yukon,4*9CBF115,61.4956019999999,-140.936004999999
RGI32-01.18582,Alaska-Yukon,4*9CBE57,61.3590999999999,-140.520996
RGI32-01.18583,Alaska-Yukon,CountSouth4*9CBF6,61.388401,-140.522995
RGI32-01.18587,Alaska-Yukon,4*9CBF70,61.3955989999999,-140.800003
RGI32-01.18588,Alaska-Yukon,4*9CBF60,61.3811,-140.742004
RGI32-01.18589,Alaska-Yukon,4*9CBF61,61.3862,-140.763001
RGI32-01.18595,Alaska-Yukon,4*9CBF103,61.3917009999999,-141.085006999999
RGI32-01.18607,Alaska-Yukon,Ewe,61.0428009999999,-141.268004999999
RGI32-01.18620,Alaska-Yukon,Alberta,60.9410019999999,-140.820007
RGI32-01.18639,Alaska-Yukon,ChitinaSouthtrib,60.9607999999999,-141.201996
RGI32-01.18648,Alaska-Yukon,YukonC,60.9966009999999,-141.072005999999
RGI32-01.18766,Alaska-Yukon,Russell,61.4981,-141.809006
RGI32-01.18777,Alaska-Yukon,Brooke4*9CBG10,61.5173989999999,-140.927001999999
RGI32-01.18792,Alaska-Yukon,MountGeorgeWest,61.0491979999999,-141.033997
RGI32-01.18836,Alaska-Yukon,LittleHawkins,61.287998,-141.826996
RGI32-01.18841,Alaska-Yukon,MountBarnard,61.1338999999999,-141.679993
RGI32-01.18850,Alaska-Yukon,4*9CBG11,61.497002,-140.895996
RGI32-01.18852,Alaska-Yukon,Ram,61.071499,-141.348998999999
RGI32-01.18882,Alaska-Yukon,Giffin,61.5704989999999,-141.462997
RGI32-01.18891,Alaska-Yukon,BrabazonB4*9CBF28,61.3731,-140.574005
RGI32-01.18892,Alaska-Yukon,BrabazonA??4*9CBF27,61.3800999999999,-140.591995
RGI32-01.18895,Alaska-Yukon,Lambart4*9CBF110G140962W61499N,61.4990999999999,-140.962997
RGI32-01.18896,Alaska-Yukon,MountNatazhat4*9CBG16,61.516998,-141.044997999999
RGI32-01.18897,Alaska-Yukon,4*9CBF108,61.4949,-141.026993
RGI32-01.18929,Alaska-Yukon,LittleHuberts,61.046101,-141.507003999999
RGI32-01.18987,Alaska-Yukon,Baldwin-Fraser,60.7598989999999,-141.292999
RGI32-01.18991,Alaska-Yukon,Alcan2,60.802399,-140.587997
RGI32-01.18994,Alaska-Yukon,Chitistone,61.4575999999999,-142.031997999999
RGI32-01.19020,Alaska-Yukon,ChitinaSouthTrib2,60.948002,-141.018997
RGI32-01.19042,Alaska-Yukon,Anderson,61.115898,-140.847
RGI32-01.19046,Alaska-Yukon,Russelleasttrib,61.5998,-141.75
RGI32-01.19047,Alaska-Yukon,MountSulzerNorth,61.588901,-141.690001999999
RGI32-01.19049,Alaska-Yukon,G141203W61526N,61.5460009999999,-141.197998
RGI32-01.19051,Alaska-Yukon,CountNorth4*9CBF11,61.415402,-140.556
RGI32-01.19287,Alaska-Yukon,UnnamedPA1969143,59.7346,-150.108002
RGI32-01.20319,Alaska-Yukon,UnnamedPA196996,60.614899,-152.763001
RGI32-01.20656,Alaska-Yukon,ShamrockWesternbranch,61.0654979999999,-152.824997
RGI32-01.20859,Alaska-Yukon,UnnamedPA1969147,60.945801,-153.098007
RGI32-01.20958,Alaska-Yukon,UnnamedPA196999,60.791699,-152.604996
RGI32-01.20962,Alaska-Yukon,UnnamedPA196998,60.934502,-152.871002
RGI32-01.20982,Alaska-Yukon,UnnamedPA196997,60.7489009999999,-152.768997
RGI32-01.21025,Alaska-Yukon,UnnamedPA1969101,60.7807999999999,-153.475006
RGI32-01.21078,Alaska-Yukon,UnnamedPA196995,60.6109999999999,-152.813004
RGI32-01.21112,Alaska-Yukon,UnnamedPA196994,60.5232999999999,-152.791
RGI32-01.21128,Alaska-Yukon,UnnamedPA196993,60.4949,-152.671997
RGI32-01.21133,Alaska-Yukon,UnnamedPA196992,60.4679989999999,-152.783005
RGI32-01.21137,Alaska-Yukon,UnnamedPA1969146,60.4393999999999,-153.313995
RGI32-01.21143,Alaska-Yukon,UnnamedPA196990,60.420299,-153.253998
RGI32-01.21153,Alaska-Yukon,UnnamedPA196991,60.3945999999999,-153.296997
RGI32-01.21198,Alaska-Yukon,UnnamedPA196989,60.1441,-153.507003999999
RGI32-01.21242,Alaska-Yukon,TuxedniIliamna,60.1241989999999,-153.102996999999
RGI32-01.21276,Alaska-Yukon,Lateral,60.055698,-153.005997
RGI32-01.21308,Alaska-Yukon,UnnamedPA196988,60.0355989999999,-153.158997
RGI32-01.21321,Alaska-Yukon,FKTlibakitaRNorthernbranch,60.852798,-153.190001999999
RGI32-01.21335,Alaska-Yukon,UnnamedPA1969100,60.9758989999999,-152.498000999999
RGI32-01.21746,Alaska-Yukon,HookEast,58.488602,-154.376999
RGI32-01.21748,Alaska-Yukon,Serpent1,58.3944019999999,-154.535996
RGI32-01.21749,Alaska-Yukon,Serpent2,58.345402,-154.591995
RGI32-03.00108,Arctic Canada,LakeTuborg,80.7189029999999,-74.793503
RGI32-03.00108,Arctic Canada,LakeTuborg,80.7189029999999,-74.793503
RGI32-03.00123,Arctic Canada,d'Iberville,80.3546979999999,-76.5298999999999
RGI32-03.00123,Arctic Canada,d'Iberville,80.3546979999999,-76.5298999999999
RGI32-03.00183,Arctic Canada,Canon,79.9434969999999,-78.4825969999999
RGI32-03.00183,Arctic Canada,Canon,79.9434969999999,-78.4825969999999
RGI32-03.00191,Arctic Canada,Parrish,79.7807999999999,-76.5327
RGI32-03.00191,Arctic Canada,Parrish,79.7807999999999,-76.5327
RGI32-03.00251,Arctic Canada,DobbinBay,80.0533455,-75.2911258351191
RGI32-03.00251,Arctic Canada,DobbinBay,80.0533455,-75.2911258351191
RGI32-03.00283,Arctic Canada,JohnRichardsonBaySouth,80.202904,-73.9149019999999
RGI32-03.00283,Arctic Canada,JohnRichardsonBaySouth,80.202904,-73.9149019999999
RGI32-03.00369,Arctic Canada,Jolliffenortharm,80.6863019999999,-72.3609009999999
RGI32-03.00369,Arctic Canada,Jolliffenortharm,80.6863019999999,-72.3609009999999
RGI32-03.00419,Arctic Canada,Benedict,79.450699,-78.6981959999999
RGI32-03.00419,Arctic Canada,Benedict,79.450699,-78.6981959999999
RGI32-03.00832,Arctic Canada,Iceberg,79.707199,-91.9347
RGI32-03.00832,Arctic Canada,Iceberg,79.707199,-91.9347
RGI32-03.00833,Arctic Canada,Sphinx,79.520104,-91.3815
RGI32-03.00833,Arctic Canada,Sphinx,79.520104,-91.3815
RGI32-03.00840,Arctic Canada,Thompson,79.593697,-90.611801
RGI32-03.00840,Arctic Canada,Thompson,79.593697,-90.611801
RGI32-03.00879,Arctic Canada,Strand,79.403198,-89.650002
RGI32-03.00879,Arctic Canada,Strand,79.403198,-89.650002
RGI32-03.00885,Arctic Canada,UnnamedH,79.3293989999999,-89.3704
RGI32-03.00885,Arctic Canada,UnnamedH,79.3293989999999,-89.3704
RGI32-03.00890,Arctic Canada,CA2R014D0023,79.278503,-89.0271989999999
RGI32-03.00890,Arctic Canada,CA2R014D0023,79.278503,-89.0271989999999
RGI32-03.00995,Arctic Canada,GoodFriday,78.7149959999999,-91.078598
RGI32-03.00995,Arctic Canada,GoodFriday,78.7149959999999,-91.078598
RGI32-03.00996,Arctic Canada,Fiord,78.7773969999999,-90.1615979999999
RGI32-03.00996,Arctic Canada,Fiord,78.7773969999999,-90.1615979999999
RGI32-03.01054,Arctic Canada,UnnamedF,80.3184969999999,-93.018303
RGI32-03.01054,Arctic Canada,UnnamedF,80.3184969999999,-93.018303
RGI32-03.01229,Arctic Canada,UnnamedE,80.085701,-92.7667009999999
RGI32-03.01229,Arctic Canada,UnnamedE,80.085701,-92.7667009999999
RGI32-03.01282,Arctic Canada,UnnamedG,79.5416029999999,-93.4833979999999
RGI32-03.01282,Arctic Canada,UnnamedG,79.5416029999999,-93.4833979999999
RGI32-03.01295,Arctic Canada,UnnamedD,80.0983959999999,-93.473999
RGI32-03.01295,Arctic Canada,UnnamedD,80.0983959999999,-93.473999
RGI32-03.01376,Arctic Canada,Airdrop,79.8896029999999,-93.0352019999999
RGI32-03.01376,Arctic Canada,Airdrop,79.8896029999999,-93.0352019999999
RGI32-03.01483,Arctic Canada,ClarenceHeadNorth,76.8144,-77.9414979999999
RGI32-03.01483,Arctic Canada,ClarenceHeadNorth,76.8144,-77.9414979999999
RGI32-03.01518,Arctic Canada,Mittie,76.8237,-79.799896
RGI32-03.01518,Arctic Canada,Mittie,76.8237,-79.799896
RGI32-03.01536,Arctic Canada,MountGlenworth,76.884499,-77.9141999999999
RGI32-03.01536,Arctic Canada,MountGlenworth,76.884499,-77.9141999999999
RGI32-03.01545,Arctic Canada,ClarenceHeadSouth,76.7142029999999,-78.039101
RGI32-03.01545,Arctic Canada,ClarenceHeadSouth,76.7142029999999,-78.039101
RGI32-03.01556,Arctic Canada,Jakeman,76.5030969999999,-80.2509
RGI32-03.01556,Arctic Canada,Jakeman,76.5030969999999,-80.2509
RGI32-03.01565,Arctic Canada,CapeNortonShaw,76.6465,-78.570999
RGI32-03.01565,Arctic Canada,CapeNortonShaw,76.6465,-78.570999
RGI32-03.01577,Arctic Canada,CapeTennyson,76.424301,-79.5497969999999
RGI32-03.01577,Arctic Canada,CapeTennyson,76.424301,-79.5497969999999
RGI32-03.01587,Arctic Canada,Cory,76.341797,-80.1312029999999
RGI32-03.01587,Arctic Canada,Cory,76.341797,-80.1312029999999
RGI32-03.01591,Arctic Canada,Wilcox,76.258499,-80.626503
RGI32-03.01591,Arctic Canada,Wilcox,76.258499,-80.626503
RGI32-03.01621,Arctic Canada,UnnamedA,76.632103,-78.927002
RGI32-03.01621,Arctic Canada,UnnamedA,76.632103,-78.927002
RGI32-03.01679,Arctic Canada,IslandEasterSouth,77.645302,-79.223602
RGI32-03.01679,Arctic Canada,IslandEasterSouth,77.645302,-79.223602
RGI32-03.01700,Arctic Canada,CapeDunsterville,78.0474009999999,-75.8489
RGI32-03.01700,Arctic Canada,CapeDunsterville,78.0474009999999,-75.8489
RGI32-03.01709,Arctic Canada,TaggartLake,78.3974,-80.707199
RGI32-03.01709,Arctic Canada,TaggartLake,78.3974,-80.707199
RGI32-03.01711,Arctic Canada,WykehamGlacierSouth,78.0494,-79.615402
RGI32-03.01711,Arctic Canada,WykehamGlacierSouth,78.0494,-79.615402
RGI32-03.01729,Arctic Canada,KooetigetoRiver,78.755898,-80.578201
RGI32-03.01729,Arctic Canada,KooetigetoRiver,78.755898,-80.578201
RGI32-03.01743,Arctic Canada,AlfredNewton,78.5848009999999,-75.237198
RGI32-03.01743,Arctic Canada,AlfredNewton,78.5848009999999,-75.237198
RGI32-03.01898,Arctic Canada,Sydkap,76.788498,-85.533203
RGI32-03.01898,Arctic Canada,Sydkap,76.788498,-85.533203
RGI32-03.02468,Arctic Canada,Southeast2,75.0577009999999,-81.5121989999999
RGI32-03.02468,Arctic Canada,Southeast2,75.0577009999999,-81.5121989999999
RGI32-03.02474,Arctic Canada,CunninghamWest,74.6678009999999,-81.643799
RGI32-03.02474,Arctic Canada,CunninghamWest,74.6678009999999,-81.643799
RGI32-03.02669,Arctic Canada,M'Clintock,82.1570969999999,-75.5681
RGI32-03.02669,Arctic Canada,M'Clintock,82.1570969999999,-75.5681
RGI32-03.02688,Arctic Canada,Milne,81.935799,-77.841003
RGI32-03.02688,Arctic Canada,Milne,81.935799,-77.841003
RGI32-03.02818,Arctic Canada,Barrier,82.3382029999999,-69.3856959999999
RGI32-03.02818,Arctic Canada,Barrier,82.3382029999999,-69.3856959999999
RGI32-03.02837,Arctic Canada,YelvertonInletEast,82.1353,-78.713097
RGI32-03.02837,Arctic Canada,YelvertonInletEast,82.1353,-78.713097
RGI32-03.02905,Arctic Canada,Disraeli,82.3974,-72.4673999999999
RGI32-03.02905,Arctic Canada,Disraeli,82.3974,-72.4673999999999
RGI32-03.03276,Arctic Canada,Otto,81.417297,-82.9439009999999
RGI32-03.03276,Arctic Canada,Otto,81.417297,-82.9439009999999
RGI32-03.03301,Arctic Canada,HareFiordNorth,81.235802,-83.228104
RGI32-03.03301,Arctic Canada,HareFiordNorth,81.235802,-83.228104
RGI32-03.03344,Arctic Canada,Chapman,81.4384,-79.8134
RGI32-03.03344,Arctic Canada,Chapman,81.4384,-79.8134
RGI32-03.03400,Arctic Canada,HareFiordEast,81.3246,-81.309403
RGI32-03.03400,Arctic Canada,HareFiordEast,81.3246,-81.309403
RGI32-03.03434,Arctic Canada,UnnamedB,81.8015979999999,-82.875702
RGI32-03.03434,Arctic Canada,UnnamedB,81.8015979999999,-82.875702
RGI32-03.03986,Arctic Canada,KulutingwakFjord,82.090202,-83.5001979999999
RGI32-03.03986,Arctic Canada,KulutingwakFjord,82.090202,-83.5001979999999
RGI32-03.03991,Arctic Canada,PhillipsInletNorth,82.076897,-84.7807009999999
RGI32-03.03991,Arctic Canada,PhillipsInletNorth,82.076897,-84.7807009999999
RGI32-04.06187,Arctic Canada,UnnamedLÃ¸ken1,70.0214,-73.0575029999999
RGI32-04.06188,Arctic Canada,UnnamedLÃ¸ken2,69.8180009999999,-73.209198
RGI32-05.00831,Greenland,1DF11005,66.099297,-52.400002
RGI32-05.01027,Greenland,1HB16010,69.514099,-53.433998
RGI32-05.01108,Greenland,1HC05004,69.628403,-54.4337009999999
RGI32-05.01109,Greenland,1HB07004,69.612701,-54.394699
RGI32-05.01127,Greenland,1HB15005,69.692902,-53.423901
RGI32-05.01152,Greenland,1HB11013,69.7063979999999,-53.7650989999999
RGI32-05.01211,Greenland,1HC04019,69.712799,-54.164501
RGI32-05.01215,Greenland,1HB10008,69.730103,-54.0980989999999
RGI32-05.01219,Greenland,1HC03010,69.760902,-54.2318
RGI32-05.01220,Greenland,1HC03011,69.760902,-54.2742999999999
RGI32-05.01223,Greenland,1HC03013,69.760101,-54.3275989999999
RGI32-05.01265,Greenland,1HD07013,69.864304,-53.937302
RGI32-05.01297,Greenland,1HE01038,69.8302,-52.879002
RGI32-05.01298,Greenland,1HE01036,69.8050989999999,-52.8106
RGI32-05.01300,Greenland,1HB15029,69.7586969999999,-53.035099
RGI32-05.01302,Greenland,1HB15031,69.6828,-53.1577989999999
RGI32-05.01309,Greenland,1HE01015,69.672897,-52.528599
RGI32-05.01313,Greenland,1HB15039,69.629204,-53.0968019999999
RGI32-05.01314,Greenland,1HB16017,69.6511,-52.477902
RGI32-05.01326,Greenland,1HE01010,69.621803,-52.3569979999999
RGI32-05.01334,Greenland,1HB15013,69.8003999999999,-53.447701
RGI32-05.01335,Greenland,1HB16047,69.540604,-52.9598999999999
RGI32-05.01358,Greenland,1HB16020,69.6229019999999,-52.852001
RGI32-05.01373,Greenland,1HE09050,69.921204,-53.4108009999999
RGI32-05.01375,Greenland,1HD06055,69.9011,-53.9234999999999
RGI32-05.01376,Greenland,1HD06053,69.900002,-53.834598
RGI32-05.01378,Greenland,1HD06051,69.884499,-53.788502
RGI32-05.01383,Greenland,1HD07018,69.8713989999999,-53.8445019999999
RGI32-05.01385,Greenland,1HD06046,69.852203,-53.6843989999999
RGI32-05.01388,Greenland,1HD06048,69.864502,-53.743301
RGI32-05.01393,Greenland,1HB10036,69.788803,-53.6548999999999
RGI32-05.01394,Greenland,1HD06042,69.844002,-53.6152
RGI32-05.01403,Greenland,1HB10027,69.743301,-53.8819009999999
RGI32-05.01413,Greenland,1HB10013,69.7697979999999,-53.959999
RGI32-05.01441,Greenland,1HB11029,69.747101,-53.5754999999999
RGI32-05.01449,Greenland,1HD06041,69.8358989999999,-53.494
RGI32-05.01451,Greenland,1HE09042,69.903198,-53.1441
RGI32-05.01452,Greenland,1HB15016,69.8068009999999,-53.4343
RGI32-05.01456,Greenland,1HB15017,69.824402,-53.164299
RGI32-05.01457,Greenland,1HE09044,69.891502,-53.2319979999999
RGI32-05.01458,Greenland,1HB15012,69.7539979999999,-53.420101
RGI32-05.01462,Greenland,1HB15018,69.7667009999999,-53.196499
RGI32-05.01464,Greenland,KuannersuitSulluat,69.7611009999999,-53.2411999999999
RGI32-05.01468,Greenland,1HB11033,69.7474979999999,-53.4562
RGI32-05.01540,Greenland,1HE09062,69.974602,-53.5943979999999
RGI32-05.01549,Greenland,1HD06026,69.940804,-53.6413
RGI32-05.01553,Greenland,1HE09051,69.9436029999999,-53.4558979999999
RGI32-05.01556,Greenland,1HD06030,69.9334029999999,-53.5773999999999
RGI32-05.01585,Greenland,1HE09083,70.005898,-53.8138009999999
RGI32-05.01638,Greenland,1HD04007,70.0260009999999,-54.2943
RGI32-05.01676,Greenland,1HD06005,70.0465999999999,-54.2468
RGI32-05.01732,Greenland,1HE09095,70.0856019999999,-54.0028
RGI32-05.01736,Greenland,1HE09090,70.0575029999999,-53.9748
RGI32-05.01755,Greenland,1HD02005,70.079903,-54.311199
RGI32-05.01756,Greenland,1HE09105,70.107399,-53.9912989999999
RGI32-05.01766,Greenland,1HD02004,70.091904,-54.2466999999999
RGI32-05.01781,Greenland,1HD02011,70.0912019999999,-54.4259989999999
RGI32-05.01828,Greenland,1HE09002,70.152901,-53.6143989999999
RGI32-05.01836,Greenland,1GH02015,70.248901,-52.4099999999999
RGI32-05.01879,Greenland,1HE11013,70.119499,-54.182499
RGI32-05.01897,Greenland,1HE08010,70.212097,-53.6941989999999
RGI32-05.01965,Greenland,1HE10007,70.201897,-54.2312009999999
RGI32-05.01987,Greenland,1GH02024,70.3186029999999,-52.604599
RGI32-05.01991,Greenland,1HE10005,70.206299,-54.1809009999999
RGI32-05.02108,Greenland,1IB29004,70.4889979999999,-52.295799
RGI32-05.02117,Greenland,1IB26003,70.483902,-52.145001
RGI32-05.02213,Greenland,1IA02034,70.5323029999999,-53.4542009999999
RGI32-05.07053,Greenland,1CF06002,63.816502,-50.7545009999999
RGI32-05.13429,Greenland,Sortebrae,68.9795,-27.2410999999999
RGI32-05.13455,Greenland,SermeqPeqippoq(unnofficialname),70.1222,-27.010901
RGI32-05.13536,Greenland,Borggraven,69.165901,-28.843399
RGI32-05.13575,Greenland,Dendritgletscher,69.5532,-26.025299
RGI32-05.17150,Greenland,LÃ¸beren,71.6003039999999,-25.5303
RGI32-05.17163,Greenland,SiriusGletscher,71.9273989999999,-24.0612999999999
RGI32-05.17177,Greenland,BjÃ¸rnboGletscher,71.666397,-24.876301
RGI32-05.17178,Greenland,Dalmore,71.7912979999999,-24.9484999999999
RGI32-06.00191,Iceland,Burfellsjokull,65.8198009999999,-18.705299
RGI32-06.00203,Iceland,BÃ¦gisarjokull,65.5847009999999,-18.371901
RGI32-06.00225,Iceland,Teigadalsjokull,65.822502,-18.6788999999999
RGI32-06.00234,Iceland,ÃžjorsarjokullMiddle,64.7988969999999,-18.642201
RGI32-06.00235,Iceland,"Blondujokull,Kvislajokull",64.816704,-19.0484009999999
RGI32-06.00236,Iceland,Blagnipujokull,64.7570039999999,-19.024099
RGI32-06.00237,Iceland,MulajÃ¶kull,64.7182999999999,-18.7800009999999
RGI32-06.00291,Iceland,HagafellsjÃ¶kullvestri(western),64.570999,-20.435499
RGI32-06.00309,Iceland,HagafellsjÃ¶kulleastern,64.571098,-20.241699
RGI32-06.00336,Iceland,Oldufellsjokull,63.740898,-18.999399
RGI32-06.00339,Iceland,Slettjokullwestern,63.7168009999999,-19.1905989999999
RGI32-06.00377,Iceland,BruarjÃ¶kull,64.5866999999999,-16.2674999999999
RGI32-06.00416,Iceland,SidujÃ¶kull,64.281998,-17.7021009999999
RGI32-06.00424,Iceland,Koldukvislarjokull,64.562798,-17.7174
RGI32-06.00443,Iceland,TungnarjÃ¶klarTungnaarjokÃ¼ll,64.347504,-17.927
RGI32-06.00472,Iceland,EyjabakkajÃ¶kull,64.628403,-15.6083
RGI32-06.00473,Iceland,Sylgjujokull,64.4551009999999,-17.7859
RGI32-06.00475,Iceland,SkeidararjÃ¶kull,64.2976989999999,-17.141701
RGI32-06.00477,Iceland,DyngjujÃ¶kull,64.6744989999999,-17.0538999999999
RGI32-06.00483,Iceland,BreidarmerkurjÃ¶kullEasternStream,64.266602,-16.4767
RGI32-06.00539,Iceland,KaldalonsjokullKaladalonsjokull,66.1414029999999,-22.2454
RGI32-06.00540,Iceland,Reykjafjardarjokull,66.192001,-22.2308999999999
RGI32-06.00544,Iceland,Leirufjardarjokull,66.1919019999999,-22.3478999999999
RGI32-07.00042,Svalbard,Bodleybreen,79.893601,21.4968
RGI32-07.00063,Svalbard,KvitisenE,78.064796,21.4725
RGI32-07.00067,Svalbard,HoltenbreenpartofGlitnefonna,79.5485989999999,20.395
RGI32-07.00068,Svalbard,ClasebreenpartofGlitnefonna,79.5700989999999,20.1889989999999
RGI32-07.00093,Svalbard,Aurkollfonna,77.403801,15.9763
RGI32-07.00100,Svalbard,Tvillingbreane(S),77.423698,15.9495
RGI32-07.00102,Svalbard,Siegerbreen,77.4501039999999,15.8665
RGI32-07.00112,Svalbard,Dvergfonna,77.461403,15.4421
RGI32-07.00118,Svalbard,Hessbreen,77.5039979999999,15.1035
RGI32-07.00120,Svalbard,Blumckebreane,77.5269009999999,15.0314999999999
RGI32-07.00128,Svalbard,Scottbreen,77.5429989999999,14.3615999999999
RGI32-07.00133,Svalbard,St.Olgafjellet,77.582901,17.7848
RGI32-07.00138,Svalbard,Venetzbreen,77.600998,15.5652
RGI32-07.00139,Svalbard,Charpentierbreen,77.6160959999999,15.5429999999999
RGI32-07.00147,Svalbard,Martinbreen,77.6465989999999,15.6747999999999
RGI32-07.00148,Svalbard,Richterbreen,77.643501,15.5269999999999
RGI32-07.00164,Svalbard,Filantropbreen,77.7082979999999,16.7148989999999
RGI32-07.00169,Svalbard,Snokuvbreen,77.7061999999999,16.3381
RGI32-07.00171,Svalbard,Klubbebreen,77.714798,17.0807
RGI32-07.00175,Svalbard,Peisbreen,77.7325969999999,17.1278989999999
RGI32-07.00178,Svalbard,Hettebreen,77.744698,16.793301
RGI32-07.00187,Svalbard,Brodtkorbfjellet,77.8307039999999,17.189301
RGI32-07.00191,Svalbard,Bosarpbreen,77.882202,17.061001
RGI32-07.00202,Svalbard,Kroppebreensmallglaciernorth,77.9153979999999,17.5818009999999
RGI32-07.00203,Svalbard,Hyllingebreen,77.9072039999999,17.2943
RGI32-07.00207,Svalbard,Livbreen,77.930901,16.3637009999999
RGI32-07.00210,Svalbard,Billesholmbreen,77.900497,17.1504
RGI32-07.00224,Svalbard,AnnaMargrethebreen,77.340698,17.309099
RGI32-07.00228,Svalbard,Recherchebreen,77.4012979999999,15.0015
RGI32-07.00231,Svalbard,Finsterwalderbreen,77.460999,15.2378
RGI32-07.00234,Svalbard,Langryggbreen,77.3872989999999,15.9156999999999
RGI32-07.00235,Svalbard,Zawadskibreen(Zawadzkibreen),77.332901,15.8729999999999
RGI32-07.00237,Svalbard,Polakkbreen,77.285103,16.117201
RGI32-07.00238,Svalbard,Langleikbreen,77.164398,16.280899
RGI32-07.00239,Svalbard,MÃ¼hlbacherbreen,77.1533969999999,15.9232
RGI32-07.00241,Svalbard,Penckbreen,77.395897,15.6518999999999
RGI32-07.00242,Svalbard,Amundsenisen,77.2111969999999,15.3894
RGI32-07.00244,Svalbard,Nornebreen-Paierlbreen,77.1689989999999,15.6960999999999
RGI32-07.00250,Svalbard,Markhambreen,77.151802,17.1634999999999
RGI32-07.00251,Svalbard,Crollbreen,77.204598,17.203301
RGI32-07.00253,Svalbard,Bungebreen,76.837799,16.117901
RGI32-07.00263,Svalbard,Samarinbreen,76.8673019999999,16.402
RGI32-07.00266,Svalbard,Firmbreen,77.8656009999999,17.168699
RGI32-07.00268,Svalbard,Bjuvbreen,77.905296,17.2181
RGI32-07.00270,Svalbard,Kleivbreen,77.893601,17.3976
RGI32-07.00273,Svalbard,Lognbreen,77.7988969999999,17.3778
RGI32-07.00274,Svalbard,Edvardbreen-partof,77.880699,17.5762
RGI32-07.00275,Svalbard,Inglefieldbreen,77.821098,17.9552
RGI32-07.00276,Svalbard,Arnesenbreen,77.813202,18.1268999999999
RGI32-07.00277,Svalbard,BeresnikovbreenBereznikovbreen,77.7958979999999,18.2661
RGI32-07.00280,Svalbard,Skobreen,77.712601,17.200199
RGI32-07.00283,Svalbard,Luntebreen,77.690804,16.9640999999999
RGI32-07.00293,Svalbard,Kvalbreen,77.573097,18.0566999999999
RGI32-07.00294,Svalbard,IndrebÃ¸breen,77.618797,17.9309009999999
RGI32-07.00295,Svalbard,Arebreen(Harebreen?)(C9/16),77.664803,16.525801
RGI32-07.00296,Svalbard,KjÃ¸lhÃ¸south,77.6548999999999,17.589399
RGI32-07.00297,Svalbard,Steenstrupbreen,77.605598,16.3034989999999
RGI32-07.00298,Svalbard,Dobrowolskibreen,77.351898,16.669001
RGI32-07.00299,Svalbard,AustjÃ¸kulen,76.7753979999999,16.7748999999999
RGI32-07.00301,Svalbard,HÃ¸gstebereen-a.Torellbreen,77.2856979999999,14.9948999999999
RGI32-07.00302,Svalbard,Austgotabreen,78.420197,13.2765
RGI32-07.00303,Svalbard,AnnaSofiebreen,78.481102,13.2241
RGI32-07.00307,Svalbard,Charlesbreen,78.4928969999999,13.4049
RGI32-07.00311,Svalbard,Hydrografbreen,78.452202,12.7406
RGI32-07.00312,Svalbard,Vestgotabreen,78.457901,12.9059
RGI32-07.00313,Svalbard,Nordsysselbreen,77.8541029999999,17.791
RGI32-07.00314,Svalbard,Bratthengbreen,77.7604979999999,18.3569999999999
RGI32-07.00315,Svalbard,Thomsonbreen,77.606796,18.1711999999999
RGI32-07.00316,Svalbard,Karibreen,77.613197,17.7807999999999
RGI32-07.00318,Svalbard,Kvastbreen,77.4215999999999,17.2530989999999
RGI32-07.00319,Svalbard,Jemelianovbreen(EmiljanovbreenEmil'janovbreen),77.351898,17.1160999999999
RGI32-07.00320,Svalbard,Staupbreen,77.0869979999999,17.198799
RGI32-07.00321,Svalbard,Davisbreen,77.2472,17.1479
RGI32-07.00322,Svalbard,Nathorstbreen-Ljosfonn,77.2954019999999,16.668899
RGI32-07.00323,Svalbard,Bellingbreen,77.313202,17.2844009999999
RGI32-07.00324,Svalbard,Barettbreen,77.140602,16.7886999999999
RGI32-07.00325,Svalbard,Ankerbreen,77.9495009999999,16.419701
RGI32-07.00331,Svalbard,Tinkarpbreen,77.9843979999999,17.186001
RGI32-07.00341,Svalbard,Marthabreen,78.001602,16.7471999999999
RGI32-07.00342,Svalbard,Hoganasbreen,77.945999,16.6945
RGI32-07.00343,Svalbard,Helsingborgbreen,77.966599,16.8216
RGI32-07.00347,Svalbard,Lunckebreen,78.027702,16.8073009999999
RGI32-07.00349,Svalbard,Glitrebreen,78.027298,17.1212009999999
RGI32-07.00351,Svalbard,Vegbreen,78.0106959999999,16.9326
RGI32-07.00352,Svalbard,Palsjobreen,77.9936979999999,17.0154989999999
RGI32-07.00361,Svalbard,Margitbreen,78.0086969999999,17.8321989999999
RGI32-07.00366,Svalbard,Andrinebreen,77.966904,18.017401
RGI32-07.00380,Svalbard,SlottsmoyaUpperSW,78.098602,17.204
RGI32-07.00389,Svalbard,Bergmesterbreen,78.0878979999999,16.8766989999999
RGI32-07.00392,Svalbard,Vendombreen,78.128899,17.2696
RGI32-07.00402,Svalbard,StorknausenUpperE,78.033302,17.3738999999999
RGI32-07.00404,Svalbard,Innerbreen,78.111198,17.428101
RGI32-07.00406,Svalbard,Skutbreen,78.044296,17.564699
RGI32-07.00409,Svalbard,Sveigbreen,78.107101,17.6978
RGI32-07.00411,Svalbard,Skruisbreen,78.156197,17.749001
RGI32-07.00413,Svalbard,Marmorbreen,78.18,17.7811999999999
RGI32-07.00422,Svalbard,Naglebreen,77.5553969999999,17.3123
RGI32-07.00428,Svalbard,Elfenbeinbreen,78.1850969999999,18.2063999999999
RGI32-07.00429,Svalbard,UlverbreenUlvebreen,78.231903,18.518801
RGI32-07.00439,Svalbard,Iskollbreen,77.2920989999999,17.1862999999999
RGI32-07.00448,Svalbard,Skilfonna,76.8898999999999,16.920099
RGI32-07.00463,Svalbard,Nansenbreen,78.377701,13.869
RGI32-07.00464,Svalbard,Borebreen,78.463997,13.7965
RGI32-07.00465,Svalbard,Wahlenbergbreen,78.545197,13.8953
RGI32-07.00466,Svalbard,Bukkebreen,78.526802,13.4428
RGI32-07.00467,Svalbard,Paulbreen,78.5588989999999,13.4524
RGI32-07.00468,Svalbard,Vintervegen,78.579102,13.5665
RGI32-07.00470,Svalbard,Konowbreen,78.6238019999999,12.917
RGI32-07.00471,Svalbard,Gaffelbreen,78.5691989999999,12.9097
RGI32-07.00474,Svalbard,Mediumbreen,78.6511,13.8202
RGI32-07.00476,Svalbard,Devikbreen,78.654404,13.3683999999999
RGI32-07.00482,Svalbard,Osbornebreen,78.664101,13.1095
RGI32-07.00491,Svalbard,Erikkabreen,78.731903,12.0701
RGI32-07.00493,Svalbard,MidtreLovÃ©nbreen,78.8778989999999,12.0311
RGI32-07.00499,Svalbard,Botnfjellbreen,78.8367999999999,12.3843999999999
RGI32-07.00500,Svalbard,AustreBroggerbreen,78.7967989999999,11.8434
RGI32-07.00501,Svalbard,Aavatsmarkbreen,78.6987,12.2922999999999
RGI32-07.00503,Svalbard,Roysbreen,78.9077989999999,11.6951
RGI32-07.00504,Svalbard,BroggerbreenE.,78.8876039999999,11.8309
RGI32-07.00506,Svalbard,Uversbreen,78.7796019999999,12.4999
RGI32-07.00509,Svalbard,Cissybreen,78.7496029999999,11.9319
RGI32-07.00510,Svalbard,Haakenbreen,78.745697,11.9896999999999
RGI32-07.00511,Svalbard,Comfortlessbreen,78.7677989999999,12.1919
RGI32-07.00513,Svalbard,Elisebreen,78.6499019999999,12.253
RGI32-07.00519,Svalbard,Biksebreen,78.873596,14.9618
RGI32-07.00520,Svalbard,BrennaupperNWBreenbreen?,78.8564989999999,14.9651999999999
RGI32-07.00529,Svalbard,Sefstrombreen,78.7480999999999,13.8911
RGI32-07.00531,Svalbard,Holmstrombreen,78.8592,13.7766
RGI32-07.00533,Svalbard,Orsabreen,78.978699,14.1518
RGI32-07.00556,Svalbard,Battyebreen,79.011803,14.6412
RGI32-07.00558,Svalbard,Blomstrandbreen,79.0733029999999,12.3706
RGI32-07.00559,Svalbard,Glyndenbreen,78.857399,16.072001
RGI32-07.00561,Svalbard,NordreVasskilbreen,78.9191969999999,15.6635
RGI32-07.00565,Svalbard,Horbyebreen,78.749199,16.1545999999999
RGI32-07.00570,Svalbard,Nordenskioldbreen,78.702301,17.291599
RGI32-07.00584,Svalbard,Ebbabreen,78.7389979999999,16.944099
RGI32-07.00586,Svalbard,Eskolabreen,78.924301,16.698999
RGI32-07.00588,Svalbard,Kinamurbreen,78.809196,15.9663
RGI32-07.00590,Svalbard,Manchesterbreen,78.807297,16.0679
RGI32-07.00592,Svalbard,Gonvillebreen,78.7693019999999,15.9993
RGI32-07.00595,Svalbard,Muninbreen,78.714104,16.145201
RGI32-07.00610,Svalbard,SkansdalsbreenpartofFrostisen,78.5389019999999,15.7129999999999
RGI32-07.00626,Svalbard,Ferdinandbreen,78.7102969999999,16.3013
RGI32-07.00627,Svalbard,Svenbreen,78.7265009999999,16.278299
RGI32-07.00634,Svalbard,Hansdalsbreen,78.6894,15.007
RGI32-07.00639,Svalbard,Blashaugbreen,79.1948009999999,11.4875
RGI32-07.00643,Svalbard,Olssonbreen,79.0634,11.9593
RGI32-07.00658,Svalbard,Supanbreen,79.3287959999999,12.0127
RGI32-07.00790,Svalbard,Chaveauxbreen,79.645897,11.9047
RGI32-07.00813,Svalbard,Abrahamsenbreen,79.0866999999999,14.3275
RGI32-07.00815,Svalbard,Elnabreen,79.1193009999999,14.0657
RGI32-07.00874,Svalbard,Kantbreen,79.280403,17.7454
RGI32-07.00876,Svalbard,UnnamedpartofOdinjokulen,79.5728,18.210899
RGI32-07.00888,Svalbard,OdinjÃ¸kulen,79.5566019999999,18.4512
RGI32-07.00890,Svalbard,HelgeBacklundbreen,78.6532969999999,19.885401
RGI32-07.00892,Svalbard,Sonklarbreen,78.7453,20.106399
RGI32-07.00893,Svalbard,PedaÅ¡enkobreen,78.7369,21.0116009999999
RGI32-07.00895,Svalbard,Hannebreen(Hannbreen),78.7657999999999,21.2178
RGI32-07.00897,Svalbard,Ganskijbreen,78.750298,20.7227
RGI32-07.00898,Svalbard,Freemanbreen,78.3461989999999,21.5714
RGI32-07.00910,Svalbard,Palenderbreen(palanderbreen),79.4965969999999,21.039801
RGI32-07.00913,Svalbard,BergfonnaSE,78.1240999999999,22.0121989999999
RGI32-07.00945,Svalbard,KongJohansbreenKongJohansBre,77.646698,23.655701
RGI32-07.00949,Svalbard,Pettersenbreen,77.4923019999999,23.393801
RGI32-07.00977,Svalbard,HÃ¼bnerbreen,78.384804,21.756
RGI32-07.00985,Svalbard,KarpinskijfjelletNorth,79.004501,19.700899
RGI32-07.00986,Svalbard,Allfarvegen,79.040299,19.471001
RGI32-07.01024,Svalbard,Blackbreen,78.2823029999999,16.124599
RGI32-07.01050,Svalbard,Scottturnerbreen,78.095703,15.9178999999999
RGI32-07.01051,Svalbard,Ayerbreen,78.0832979999999,15.9673
RGI32-07.01055,Svalbard,Tillbergfonna,78.071999,15.712
RGI32-07.01098,Svalbard,Medalsbreen,78.0168,15.5422999999999
RGI32-07.01100,Svalbard,Fridtjovbreen,77.8358,14.4077
RGI32-07.01110,Svalbard,Glottfjellbreen,78.1211009999999,16.4453999999999
RGI32-07.01111,Svalbard,Skoltbreen,78.1353,16.7041
RGI32-07.01116,Svalbard,Blekumbreen,78.244499,16.0611
RGI32-07.01118,Svalbard,Malarbreen,78.2648999999999,16.055599
RGI32-07.01119,Svalbard,Fangenbreen,78.267098,16.1859
RGI32-07.01120,Svalbard,Brandtbreen,78.2839969999999,15.992
RGI32-07.01130,Svalbard,Kokbreen,78.0930019999999,16.5612999999999
RGI32-07.01145,Svalbard,Bodalsbreen,78.0832979999999,15.6561
RGI32-07.01186,Svalbard,Lisbetbreen,79.090202,14.8827
RGI32-07.01187,Svalbard,Blindernbreen,78.9758,15.3228
RGI32-07.01210,Svalbard,SvelgfjelletUpperS.,79.3061979999999,14.4771
RGI32-07.01223,Svalbard,Arbobreen,78.975098,15.6305999999999
RGI32-07.01224,Svalbard,Hoegdalsbreen,78.945198,15.6915
RGI32-07.01225,Svalbard,Mannbreen,78.9481959999999,15.8416999999999
RGI32-07.01226,Svalbard,Purpurbreen,78.9532999999999,15.92
RGI32-07.01227,Svalbard,Kastellbreen,78.9711,15.9876
RGI32-07.01229,Svalbard,Fyrisbreen,78.9282,15.5723
RGI32-07.01324,Svalbard,Tindebreen,79.700996,11.9454999999999
RGI32-07.01376,Svalbard,Plogbreen,78.0827029999999,16.2209
RGI32-07.01390,Svalbard,Tjorndalsbreen,77.535599,14.2409
RGI32-07.01396,Svalbard,Fredfonna,76.9217989999999,16.6091
RGI32-07.01425,Svalbard,Beinbreen,77.030602,17.0072
RGI32-07.01429,Svalbard,Meyerbreen,78.698097,15.0047999999999
RGI32-07.01437,Svalbard,Sergievskifjellet,77.5374979999999,17.458599
RGI32-07.01451,Svalbard,Duboisbreen,78.2508009999999,16.727699
RGI32-07.01454,Svalbard,BogebreenpartofVonpostbreen,78.449303,17.819799
RGI32-07.01458,Svalbard,Tunabreen,78.5672,17.6109009999999
RGI32-07.01461,Svalbard,Bakaninbreen,77.7668989999999,17.5404
RGI32-07.01462,Svalbard,KvitkapaSW,77.4276959999999,22.9593999999999
RGI32-07.01463,Svalbard,Perseibreen(Persejbreen),77.482803,17.4116
RGI32-07.01464,Svalbard,Kronebreen,78.9916,13.3844999999999
RGI32-07.01468,Svalbard,Ingerbreen,77.7286,18.1737
RGI32-07.01469,Svalbard,Richardsbreen,77.7265009999999,17.973499
RGI32-07.01470,Svalbard,KjÃ¸lhÃ¸breen,77.695801,17.3660999999999
RGI32-07.01472,Svalbard,Liestolbreen,77.435303,16.873199
RGI32-07.01474,Svalbard,Doktorbreen,77.570198,16.7959
RGI32-07.01475,Svalbard,Dronbreen,78.114197,16.7785
RGI32-07.01478,Svalbard,Klauvbreen,78.336601,18.1058999999999
RGI32-07.01481,Svalbard,Kongsvegen,78.7872009999999,13.1480999999999
RGI32-07.01485,Svalbard,Delbreen,78.8691019999999,15.7617999999999
RGI32-07.01487,Svalbard,Mittag-Lefflerbreen,78.8559039999999,16.9960999999999
RGI32-07.01492,Svalbard,FjortendeJulibreen,79.1294019999999,12.2577
RGI32-07.01494,Svalbard,Monacobreen,79.3553009999999,12.6552
RGI32-07.01503,Svalbard,Kosterbreen,79.336601,18.487801
RGI32-07.01506,Svalbard,Negribreen,78.6798019999999,18.473499
RGI32-07.01508,Svalbard,Hayesbreen,78.4114,18.349701
RGI32-07.01511,Svalbard,Petermannbreen,78.485298,18.4995
RGI32-07.01514,Svalbard,Kuhrbreen,77.6222,21.8434999999999
RGI32-07.01528,Svalbard,Marsjorreen,77.922302,22.2617
RGI32-07.01535,Svalbard,Skrentbreen,77.549698,21.4302999999999
RGI32-07.01546,Svalbard,Deltabreen,77.577004,23.469801
RGI32-07.01554,Svalbard,Stonebreen,77.810799,23.718399
RGI32-07.01556,Svalbard,Reymondbreen,78.4124979999999,21.9282
RGI32-07.01560,Svalbard,Hochstetterbreen(Hochstatterbreen),78.8639979999999,19.8244
RGI32-07.01564,Svalbard,Hinlopenbreen(Oslobreen),79.056099,18.2366999999999
RGI32-07.01567,Svalbard,MoysalbreenpartofGlottfjellbreen,78.121696,16.5502
RGI32-09.00081,Novaya Zemlya,G062539-E79118N,76.1119,62.6656989999999
RGI32-09.00081,Novaya Zemlya,G062539-E79118N,76.1119,62.6656989999999
RGI32-09.00083,Novaya Zemlya,Unnamed45(StudyID63),74.8544009999999,56.830601
RGI32-09.00083,Novaya Zemlya,Unnamed45(StudyID63),74.8544009999999,56.830601
RGI32-09.00086,Novaya Zemlya,Unnamed44(StudyID62),74.7788999999999,56.818401
RGI32-09.00086,Novaya Zemlya,Unnamed44(StudyID62),74.7788999999999,56.818401
RGI32-09.00088,Novaya Zemlya,Unnamed52(StudyID69),75.726898,59.0057979999999
RGI32-09.00088,Novaya Zemlya,Unnamed52(StudyID69),75.726898,59.0057979999999
RGI32-09.00092,Novaya Zemlya,Unnamed58(StudyID94),76.364304,65.046097
RGI32-09.00092,Novaya Zemlya,Unnamed58(StudyID94),76.364304,65.046097
RGI32-09.00099,Novaya Zemlya,Unnamed65(StudyID224),74.5421979999999,56.452702
RGI32-09.00099,Novaya Zemlya,Unnamed65(StudyID224),74.5421979999999,56.452702
RGI32-09.00123,Novaya Zemlya,Unnamed42(StudyID60),74.5999979999999,57.6985019999999
RGI32-09.00123,Novaya Zemlya,Unnamed42(StudyID60),74.5999979999999,57.6985019999999
RGI32-09.00124,Novaya Zemlya,Unnamed62(StudyID203),74.507896,57.688999
RGI32-09.00124,Novaya Zemlya,Unnamed62(StudyID203),74.507896,57.688999
RGI32-12.00014,Caucasus,LednikUlluchiran,43.3778,42.427601
RGI32-12.00080,Caucasus,LednikBol'shoyAzau,43.310001,42.421902
RGI32-12.00131,Caucasus,Kolka,42.7314989999999,44.441299
RGI32-12.00479,Caucasus,MainLednikMaliyKukurtli318,43.353298,42.401901
RGI32-12.00840,Caucasus,Devdorak,42.7148019999999,44.5229
RGI32-12.00887,Caucasus,LednikMaliyKukurtli316,43.3363,42.374802
RGI32-12.01025,Caucasus,Abano,42.6966019999999,44.5383989999999
RGI32-12.01251,Pamirs,Chach,42.7230989999999,44.5070989999999
RGI32-13.00040,Pamirs,14.03.08//526,38.904499,72.833504
RGI32-13.00114,Pamirs,Shapak,39.0304989999999,72.8298029999999
RGI32-13.00127,Pamirs,14.03.08//471,39.0359989999999,72.8169019999999
RGI32-13.00236,Pamirs,14.03.08//414,39.131599,72.6016999999999
RGI32-13.00249,Pamirs,14.03.08//444,39.125599,72.3524019999999
RGI32-13.00270,Pamirs,14.03.08//305,39.155602,72.867401
RGI32-13.00284,Pamirs,14.03.08//384,39.147598,72.598999
RGI32-13.00324,Pamirs,14.03.08//318,39.197716021,72.831364179
RGI32-13.00375,Pamirs,14.03.08//301,39.185699,72.925003
RGI32-13.00379,Pamirs,14.03.17//269,39.1745,72.9664989999999
RGI32-13.00383,Pamirs,14.03.17//268,39.169102,72.956596
RGI32-13.00433,Pamirs,14.03.08//314,39.171398,72.7839969999999
RGI32-13.00494,Pamirs,14.03.08//182,39.2799989999999,72.3318019999999
RGI32-13.00500,Pamirs,14.03.07//236,39.2971,72.2994989999999
RGI32-13.00525,Pamirs,14.03.08//282aBol'shoySaukdara,39.298099,72.9113009999999
RGI32-13.00526,Pamirs,14.03.07//199f,39.4189,72.8604959999999
RGI32-13.00529,Pamirs,14.03.18//66,39.3480989999999,73.1479029999999
RGI32-13.00537,Pamirs,"257Wali(Vali,LednikValy)",39.3216019999999,72.7726969999999
RGI32-13.00562,Pamirs,14.03.17//294,39.2666019999999,73.0914989999999
RGI32-13.00584,Pamirs,14.03.07//138aAtdzhaylyau,39.366501,73.184403
RGI32-13.00607,Pamirs,14.03.08//198a,39.3361009999999,72.4113009999999
RGI32-13.00608,Pamirs,14.03.07//225aSynardzhar,39.380501,72.545303
RGI32-13.00629,Pamirs,14.03.08//217,39.2967,72.550003
RGI32-13.00642,Pamirs,14.03.17//275,39.243698,73.043198
RGI32-13.00655,Pamirs,14.03.08//255,39.3137019999999,72.7286
RGI32-13.00663,Pamirs,14.03.07//179,39.4757,73.075699
RGI32-13.00668,Pamirs,14.03.07//170,39.459301,73.1316989999999
RGI32-13.00669,Pamirs,14.03.07//178,39.4693979999999,73.1014019999999
RGI32-13.00670,Pamirs,14.03.07//134Koksai,39.3697009999999,73.2387999999999
RGI32-13.00671,Pamirs,14.03.07//222Minzhar,39.370412163,72.572801265
RGI32-13.00676,Pamirs,14.03.17//300,39.243198,73.1106029999999
RGI32-13.00677,Pamirs,14.03.07//185,39.456299,73.0490039999999
RGI32-13.00678,Pamirs,14.03.08//215,39.3325999999999,72.5476989999999
RGI32-13.00679,Pamirs,14.03.17//302,39.243748188,73.122525981
RGI32-13.00681,Pamirs,14.03.07//150Korzeniowski,39.3916019999999,73.016502
RGI32-13.00682,Pamirs,14.03.07//186,39.4463009999999,73.040299
RGI32-13.00689,Pamirs,14.03.08//204,39.336608887,72.468284607
RGI32-13.00690,Pamirs,14.03.07//215Kungyrsu,39.394001,72.7211989999999
RGI32-13.00699,Pamirs,14.03.08//228,39.318401,72.593399
RGI32-13.00704,Pamirs,"14.03.08//265Dzerzhinskya,b,c",39.320801,72.818199
RGI32-13.00706,Pamirs,14.03.07//228dchiksu,39.3564989999999,72.4588009999999
RGI32-13.00707,Pamirs,14.03.08//232,39.3325999999999,72.6037979999999
RGI32-13.00710,Pamirs,14.03.18//68,39.349499,73.177498
RGI32-13.00716,Pamirs,14.03.07//199d,39.3813019999999,72.8639979999999
RGI32-13.00722,Pamirs,14.03.07//217b,39.3939019999999,72.6541979999999
RGI32-13.00726,Pamirs,14.03.08//225,39.302101,72.593399
RGI32-13.00727,Pamirs,14.03.08//207aChakmantash,39.360199,72.5106959999999
RGI32-13.00728,Pamirs,14.03.07//188,39.444,73.001602
RGI32-13.00739,Pamirs,14.03.07//199aLenineasternbranch,39.3958009999999,72.9253999999999
RGI32-13.00742,Pamirs,14.03.07//157,39.408299,73.0905989999999
RGI32-13.00750,Pamirs,14.03.07//213aComan,39.3740999999999,72.7947999999999
RGI32-13.00751,Pamirs,14.03.07//151Zabluzhdeniya,39.3875999999999,73.0981979999999
RGI32-13.00753,Pamirs,14.03.07//197a,39.424999,72.9653009999999
RGI32-13.00755,Pamirs,14.03.08//250,39.305,72.687897
RGI32-13.00763,Pamirs,14.03.07//169b,39.453499,73.1533969999999
RGI32-13.00765,Pamirs,14.03.08//218,39.319901,72.5729979999999
RGI32-13.00767,Pamirs,14.03.18//42,39.2976,73.087799
RGI32-13.00770,Pamirs,14.03.07//229aKokkiik,39.3490979999999,72.417603
RGI32-13.00771,Pamirs,14.03.08//249b,39.317501,72.710098
RGI32-13.00774,Pamirs,14.03.08//233aKuzgun,39.3376999999999,72.7304989999999
RGI32-13.00818,Pamirs,14.03.13//547,38.3019979999999,72.9050979999999
RGI32-13.00857,Pamirs,14.03.11//227,38.4429019999999,71.716904
RGI32-13.00903,Pamirs,14.03.13//563,38.322102,72.809196
RGI32-13.00929,Pamirs,14.03.13//176KholodnayaStena-1,38.6141009999999,72.600403
RGI32-13.00933,Pamirs,14.03.11//4,38.5905989999999,71.221298
RGI32-13.00980,Pamirs,14.03.09//478,38.5880009999999,71.238197
RGI32-13.01006,Pamirs,14.03.11//176Shaugado,38.6153979999999,72.0706019999999
RGI32-13.01056,Pamirs,171Ravak,38.638401,72.070503
RGI32-13.01112,Pamirs,14.03.09//393,38.6259,71.564903
RGI32-13.01130,Pamirs,14.03.09//451a,38.5471989999999,71.4329
RGI32-13.01142,Pamirs,14.03.11//23Arnavad,38.514999,71.536202
RGI32-13.01144,Pamirs,14.03.11//24,38.5421979999999,71.5372009999999
RGI32-13.01147,Pamirs,14.03.11//31,38.5662,71.571297
RGI32-13.01149,Pamirs,14.03.11//20,38.4756009999999,71.4691009999999
RGI32-13.01150,Pamirs,14.03.09//455,38.494955411,71.455453487
RGI32-13.01152,Pamirs,14.03.11//12,38.4570999999999,71.4364999999999
RGI32-13.01154,Pamirs,14.03.11//35,38.5826989999999,71.5899959999999
RGI32-13.01156,Pamirs,14.03.09//453,38.5092009999999,71.4291989999999
RGI32-13.01157,Pamirs,14.03.11//37Tekharv,38.6144979999999,71.616303
RGI32-13.01158,Pamirs,14.03.09//407,38.5666999999999,71.480598
RGI32-13.01160,Pamirs,14.03.11//22,38.5022999999999,71.557297
RGI32-13.01184,Pamirs,14.03.11//13Boone,38.449902,71.4878999999999
RGI32-13.01199,Pamirs,14.03.11//221Ravgada,38.460999,71.7872009999999
RGI32-13.01280,Pamirs,14.03.09//287Safetob,38.766899,71.791802
RGI32-13.01282,Pamirs,14.03.09//278,38.7468989999999,71.8175959999999
RGI32-13.01345,Pamirs,14.03.09//372,38.7865979999999,71.3853
RGI32-13.01357,Pamirs,14.03.08//562,38.788899,72.7909999999999
RGI32-13.01365,Pamirs,14.03.09//363Bijan,38.7597999999999,71.4564969999999
RGI32-13.01376,Pamirs,14.03.09//364Bijan,38.763401,71.420303
RGI32-13.01377,Pamirs,14.03.09//392Mazar,38.7248,71.4376979999999
RGI32-13.01378,Pamirs,14.03.09//383,38.7556,71.378899
RGI32-13.01382,Pamirs,14.03.09//362Batrut(west),38.7666019999999,71.496498
RGI32-13.01384,Pamirs,14.03.09//349Minadu,38.727902,71.556503
RGI32-13.01417,Pamirs,14.03.13//342,38.781670108,72.760640402
RGI32-13.01419,Pamirs,14.03.13//339,38.7751009999999,72.7201
RGI32-13.01421,Pamirs,14.03.08//577Nichkedzhilga,38.800499,72.704498
RGI32-13.01448,Pamirs,14.03.08//574,38.8629,72.775101
RGI32-13.01450,Pamirs,14.03.08//575,38.8624,72.759399
RGI32-13.01461,Pamirs,14.03.08//586,38.8757019999999,72.686401
RGI32-13.01535,Pamirs,14.03.08//648,38.9136999999999,72.5028989999999
RGI32-13.01613,Pamirs,14.03.08//634,38.992198257,72.499750446
RGI32-13.01619,Pamirs,14.03.08//644,38.9604989999999,72.472801
RGI32-13.01676,Pamirs,14.03.13//585,38.3252979999999,72.6033019999999
RGI32-13.01679,Pamirs,14.03.13//580,38.324902,72.6608959999999
RGI32-13.01680,Pamirs,14.03.13//576,38.3314019999999,72.6847989999999
RGI32-13.01688,Pamirs,14.03.13//587,38.335098,72.5848009999999
RGI32-13.01690,Pamirs,14.03.13//581,38.327499,72.6295999999999
RGI32-13.01692,Pamirs,14.03.08//721Hyshvet,39.1073,71.9411999999999
RGI32-13.01696,Pamirs,14.03.08//720,39.12156164,71.95236383
RGI32-13.01706,Pamirs,14.03.08A//64,38.9023019999999,72.175301
RGI32-13.01712,Pamirs,14.03.13//317,38.798698,72.535599
RGI32-13.01715,Pamirs,14.03.13//170,38.548660278,72.578643799
RGI32-13.01716,Pamirs,14.03.08//773,39.042,71.769096
RGI32-13.01721,Pamirs,14.03.09//188Gando,38.8851009999999,71.742203
RGI32-13.01731,Pamirs,14.03.09//326,38.6822009999999,71.7295989999999
RGI32-13.01736,Pamirs,14.03.13//326,38.753601,72.653198
RGI32-13.01737,Pamirs,14.03.13//328,38.761398,72.6372989999999
RGI32-13.01738,Pamirs,14.03.13//143,38.4767,72.426804
RGI32-13.01742,Pamirs,14.03.11//151,38.516998,72.1494979999999
RGI32-13.01749,Pamirs,14.03.11//123Abdukagorsky,38.5427019999999,72.2454989999999
RGI32-13.01784,Pamirs,14.03.11//167,38.5732989999999,72.0521009999999
RGI32-13.01785,Pamirs,14.03.12//52,38.4896999999999,72.009399
RGI32-13.01791,Pamirs,14.03.13//146,38.4515,72.482498
RGI32-13.01796,Pamirs,14.03.12//84Takzou,38.4476009999999,72.195503
RGI32-13.01811,Pamirs,14.03.13//136Bashurvdara,38.4883999999999,72.431297
RGI32-13.01812,Pamirs,14.03.11//162,38.5563009999999,72.056503
RGI32-13.01830,Pamirs,14.03.09//240Shokalskogo243,38.7746009999999,71.9787979999999
RGI32-13.01846,Pamirs,14.03.12//62Yazgulemsky,38.5023989999999,72.223099
RGI32-13.01859,Pamirs,14.03.13//128aHabarvivhats,38.4636989999999,72.3756029999999
RGI32-13.01894,Pamirs,14.03.08A//65Severe/Surovyy,38.84,72.107498
RGI32-13.01897,Pamirs,14.03.13//114aYazgulemdara,38.481098,72.270897
RGI32-13.01912,Pamirs,14.03.08//649NorthKyzkurgan,38.8508989999999,72.445198
RGI32-13.01919,Pamirs,14.03.12//75,38.4315,72.084
RGI32-13.01939,Pamirs,14.03.13//285,38.6968,72.437599
RGI32-13.01940,Pamirs,14.03.13//282Tanymas-3Tanyrnas,38.676498,72.404503
RGI32-13.01950,Pamirs,14.03.13//273Tanymas-2,38.660473905,72.437509889
RGI32-13.01959,Pamirs,14.03.09//326Zordi-Birauso,38.676498,71.6345979999999
RGI32-13.01970,Pamirs,14.03.11//118Bearish119Medvezhy,38.652599,72.2298959999999
RGI32-13.01987,Pamirs,14.03.08//751aShanak,39.026501,71.827904
RGI32-13.01994,Pamirs,14.03.08//702Auydzhilga,39.037998,72.0947039999999
RGI32-13.02022,Pamirs,14.03.08//651,38.8316,72.505898
RGI32-13.02031,Pamirs,LednikKalinina(lefttributaryofLednikBivachnyy)Kalinin,39.00469705,72.17626683
RGI32-13.02041,Pamirs,14.03.13//114cYazgulemdara,38.487099,72.3351969999999
RGI32-13.02046,Pamirs,14.03.11//156leftDustiroz,38.5382,72.1001969999999
RGI32-13.02048,Pamirs,14.03.08//763Hadyrsha,39.0593989999999,71.781502
RGI32-13.02050,Pamirs,772Byrs,39.032501,71.7565989999999
RGI32-13.02067,Pamirs,14.03.13//237Grumm-GrzhimayloGrum-Grjimajlo,38.531101,72.4139019999999
RGI32-13.02070,Pamirs,307Burs308,38.7126009999999,71.8032
RGI32-13.02071,Pamirs,14.03.08A//20Ulugbek,38.8549989999999,72.315903
RGI32-13.02072,Pamirs,14.03.08//600,38.8909,72.560699
RGI32-13.02073,Pamirs,14.03.08//601Dusakasay,38.9020999999999,72.553398
RGI32-13.02077,Pamirs,14.03.08//592Dzhaylyaukumsay,38.813301,72.569
RGI32-13.02079,Pamirs,14.03.13//112,38.4198,72.2807009999999
RGI32-13.02080,Pamirs,14.03.12//69Zakharchenko,38.469101,72.1541979999999
RGI32-13.02090,Pamirs,14.03.12//72,38.4460979999999,72.1140979999999
RGI32-13.02092,Pamirs,14.03.11//177,38.570344783,72.020156604
RGI32-13.02093,Pamirs,14.03.08//593,38.801102,72.619499
RGI32-13.02095,Pamirs,14.03.09//277bTokaest,38.735599,71.8640979999999
RGI32-13.02097,Pamirs,14.03.12//79a,38.420545243,72.103990905
RGI32-13.02098,Pamirs,14.03.08//661,38.9007,72.4220959999999
RGI32-13.02108,Pamirs,14.03.08//787,38.96496582,71.735687256
RGI32-13.02120,Pamirs,14.03.11//191,38.5057979999999,72.020401
RGI32-13.02121,Pamirs,14.03.08A//56,38.8967019999999,72.2034989999999
RGI32-13.02127,Pamirs,14.03.08A//21aalert,38.8451999999999,72.2817
RGI32-13.02137,Pamirs,14.03.13//168,38.5103,72.5639039999999
RGI32-13.02140,Pamirs,14.03.09//348Minadu,38.647202,71.6731029999999
RGI32-13.02141,Pamirs,14.03.13//156,38.4775009999999,72.5122989999999
RGI32-13.02143,Pamirs,14.03.13//250NizhniyMuzkulak,38.646599,72.4760969999999
RGI32-13.02145,Pamirs,14.03.08//725,39.074182305,71.972753252
RGI32-13.02146,Pamirs,14.03.13//155,38.465,72.5045999999999
RGI32-13.02147,Pamirs,14.03.08A//5,38.925598,72.370102
RGI32-13.02150,Pamirs,14.03.08//650,38.881,72.5186999999999
RGI32-13.02151,Pamirs,14.03.08//744a,39.0274009999999,71.8918
RGI32-13.02171,Pamirs,14.03.08//724Fortambek,38.968102,71.906799
RGI32-13.02173,Pamirs,14.03.13//330Yamandzhilga,38.777,72.624497
RGI32-13.02175,Pamirs,14.03.13//160,38.4840999999999,72.5373989999999
RGI32-13.02179,Pamirs,14.03.12//48,38.4868999999999,71.9789959999999
RGI32-13.02192,Pamirs,14.03.08//730aWalter,38.9864999999999,71.981003
RGI32-13.02199,Pamirs,14.03.08A//4,38.9515,72.352699
RGI32-13.02202,Pamirs,14.03.13//124,38.419102,72.363297
RGI32-13.02206,Pamirs,14.03.08//775bGulchat,39.0298999999999,71.7189029999999
RGI32-13.02207,Pamirs,14.03.08//775aGulchat,39.031502,71.7269969999999
RGI32-13.02225,Pamirs,14.03.08A//1Mabuza,38.7303009999999,72.2126999999999
RGI32-13.02227,Pamirs,14.03.08A//10a,38.8590009999999,72.366798
RGI32-13.02244,Pamirs,14.03.09//189,38.899399,71.7133029999999
RGI32-13.02246,Pamirs,14.03.11//154,38.516899,72.134804
RGI32-13.02247,Pamirs,14.03.11//194Sungatleft,38.5159,72.034699
RGI32-13.02248,Pamirs,14.03.11//100Komsomolets,38.763401,72.1376039999999
RGI32-13.02249,Pamirs,14.03.08//674,38.9934999999999,72.3756029999999
RGI32-13.02253,Pamirs,14.03.09//266,38.7575989999999,71.943802
RGI32-13.02255,Pamirs,14.03.13//310,38.7848019999999,72.4878999999999
RGI32-13.02256,Pamirs,14.03.09//322,38.6646,71.752998
RGI32-13.02257,Pamirs,783Sugran:a-e,38.937801,71.788803
RGI32-13.02259,Pamirs,14.03.11//96,38.6325989999999,71.638001
RGI32-13.02260,Pamirs,14.03.09//209,38.876499,71.731598
RGI32-13.02261,Pamirs,14.03.11//101,38.7403979999999,72.0382
RGI32-13.02268,Pamirs,14.03.09//227,38.8712999999999,71.9481959999999
RGI32-13.02270,Pamirs,14.03.08A//61,38.9439009999999,72.2443999999999
RGI32-13.02273,Pamirs,14.03.13//154,38.45548546,72.5028531
RGI32-13.02274,Pamirs,14.03.08//662,38.918098,72.409897
RGI32-13.02275,Pamirs,14.03.08//659,38.8832019999999,72.432602
RGI32-13.02276,Pamirs,14.03.13//322,38.759701,72.5988009999999
RGI32-13.02277,Pamirs,14.03.11//150,38.532501,72.1816019999999
RGI32-13.02278,Pamirs,14.03.08A//3,38.963799,72.3537979999999
RGI32-13.02280,Pamirs,14.03.08A//34,38.6423989999999,72.3771969999999
RGI32-13.02284,Pamirs,14.03.08//715Garmo,39.1062009999999,71.9718019999999
RGI32-13.02304,Pamirs,14.03.08//683Muzdzhilga,39.125526428,72.208099365
RGI32-13.02314,Pamirs,14.03.08A//87,39.057252566,72.258815416
RGI32-13.02318,Pamirs,14.03.08A//92MalyyTanymas,39.0717009999999,72.2148969999999
RGI32-13.02320,Pamirs,14.03.08A//86,39.0330999999999,72.2519989999999
RGI32-13.02349,Pamirs,14.03.13//541,38.372101,72.8927989999999
RGI32-13.02357,Pamirs,14.03.12//12,38.3843,71.698502
RGI32-13.02381,Pamirs,14.03.12//92,38.355801,72.199303
RGI32-13.02384,Pamirs,14.03.12//114,38.3191635,72.1402723456873
RGI32-13.02388,Pamirs,14.03.13//103Ildozh,38.3549989999999,72.2843019999999
RGI32-13.02413,Pamirs,14.03.12//31,38.441898,71.8021999999999
RGI32-13.02415,Pamirs,14.03.12//20,38.4281999999999,71.7711029999999
RGI32-13.02468,Pamirs,14.03.12//16,38.4177019999999,71.7218019999999
RGI32-13.02486,Pamirs,14.03.12//32,38.4463999999999,71.845703
RGI32-13.02551,Pamirs,14.03.13//549Azyktash,38.2780989999999,72.8097989999999
RGI32-13.02583,Pamirs,14.03.13//565,38.298698,72.805901
RGI32-13.02598,Pamirs,14.03.12//39,38.481808338,71.880604797
RGI32-13.02603,Pamirs,14.03.11//210,38.5009,71.934601
RGI32-13.02648,Pamirs,14.03.13//189,38.542141211,72.650642169
RGI32-13.02660,Pamirs,14.03.13//171,38.561798,72.5633009999999
RGI32-13.04550,Pamirs,14.03.17//52Boz-Chubek,38.833401,73.623199
RGI32-13.04672,Pamirs,14.03.17//11,39.099807981,73.691368178
RGI32-13.04744,Pamirs,14.03.18//3,39.2839999999999,73.511002
RGI32-13.04751,Pamirs,14.03.18//7,39.2826999999999,73.4813
RGI32-13.04771,Pamirs,14.03.17//5,39.2309989999999,73.6062009999999
RGI32-13.04922,Pamirs,14.03.19//85Nura,39.4818989999999,73.7565989999999
RGI32-13.04991,Pamirs,14.03.07//114a,39.5199009999999,73.5552979999999
RGI32-13.05005,Pamirs,14.03.19//57(EastKyzylsu),39.473709106,73.543731689
RGI32-13.05009,Pamirs,14.03.07//117,39.520001,73.4885019999999
RGI32-13.05020,Pamirs,14.03.19//80,39.532897949,73.696746826
RGI32-13.05021,Pamirs,14.03.07//127,39.48441785,73.337384291
RGI32-13.05037,Pamirs,14.03.18//114,39.4519009999999,73.6079019999999
RGI32-13.05044,Pamirs,14.03.07//1,39.487701,73.4843979999999
RGI32-13.05062,Pamirs,14.03.18//88,39.4080999999999,73.5005029999999
RGI32-13.05077,Pamirs,14.03.18//82,39.4510989999999,73.468597
RGI32-13.05098,Pamirs,BadSwat,39.5191,74.0336
RGI32-13.05105,Pamirs,14.03.07//125a,39.445,73.3739999999999
RGI32-13.05129,Pamirs,14.03.18//115,39.462502,73.636902
RGI32-13.05133,Pamirs,14.03.07//122a,39.4562,73.4206999999999
RGI32-13.05141,Pamirs,14.03.18//91Kurumdy,39.404201,73.532402
RGI32-13.05142,Pamirs,14.03.07//130Bardobo,39.473801,73.3130029999999
RGI32-13.05150,Pamirs,14.03.07//124,39.488098,73.392998
RGI32-13.05153,Pamirs,14.03.19//79,39.513699,73.7164989999999
RGI32-13.05200,Pamirs,14.03.17//20Karaart,38.9376297,73.798477173
RGI32-13.05217,Pamirs,14.03.17//32,38.942799,73.744904
RGI32-13.05219,Pamirs,14.03.17//27,38.9435,73.7920989999999
RGI32-13.06697,Pamirs,14.03.09//73,38.982389706,71.410849565
RGI32-13.06701,Pamirs,14.03.09//162,38.9348979999999,71.362999
RGI32-13.06714,Pamirs,14.03.09//88,38.9594,71.3254009999999
RGI32-13.06717,Pamirs,14.03.09//90N88,38.9585,71.302597
RGI32-13.06733,Pamirs,14.03.09//150Dzhigeli,38.9780999999999,71.081101
RGI32-13.06756,Pamirs,14.03.08//805Tashlyk,39.0672,71.628799
RGI32-13.06758,Pamirs,14.03.08//812,39.082199,71.5298999999999
RGI32-13.06767,Pamirs,14.03.09//178,38.986401,71.5450969999999
RGI32-13.06770,Pamirs,14.03.08//819,39.0512009999999,71.4637979999999
RGI32-13.06777,Pamirs,14.03.09//71,39.007851756,71.441520642
RGI32-13.06788,Pamirs,14.03.08//816Oshanina(Muzgazy),39.0289989999999,71.479302
RGI32-13.06792,Pamirs,14.03.08//825eastKyzylsuBjurokurmasBurokurmas,39.057326947,71.430670645
RGI32-13.06793,Pamirs,14.03.09//57,39.061828797,71.386646858
RGI32-13.06796,Pamirs,14.03.09//163,38.940872192,71.473373413
RGI32-13.06798,Pamirs,14.03.08//807aShagazy,39.024108887,71.53692627
RGI32-13.06801,Pamirs,14.03.08//794,39.0200999999999,71.6157989999999
RGI32-13.06804,Pamirs,14.03.08//799,39.0448,71.620598
RGI32-13.06806,Pamirs,14.03.08//821Koshkul,39.075699,71.4636
RGI32-13.06961,Pamirs,14.03.09//105,38.925525887,71.18873101
RGI32-13.06967,Pamirs,14.03.09//104,38.897964478,71.254043579
RGI32-13.06973,Pamirs,14.03.09//100,38.8964,71.250298
RGI32-13.06974,Pamirs,14.03.09//114,38.936592594,71.149078244
RGI32-13.07066,Pamirs,14.03.12//197,38.1341019999999,71.7441019999999
RGI32-13.07195,Pamirs,14.03.12//184,38.25041839,71.767812754
RGI32-13.07201,Pamirs,14.03.13//63,38.258099,71.9208979999999
RGI32-13.07212,Pamirs,14.03.13//47b,38.2337989999999,71.8387979999999
RGI32-13.07213,Pamirs,14.03.12//192,38.188381695,71.742269229
RGI32-13.07214,Pamirs,14.03.12//191,38.199902,71.7472989999999
RGI32-13.07222,Pamirs,14.03.12//183,38.233898,71.789299
RGI32-13.07223,Pamirs,14.03.12//182,38.2537,71.7994989999999
RGI32-13.07234,Pamirs,14.03.12//190,38.2102999999999,71.7521969999999
RGI32-13.07239,Pamirs,14.03.13//49Radots,38.2575,71.8478999999999
RGI32-13.07240,Pamirs,14.03.12//181,38.2745019999999,71.8202969999999
RGI32-13.07244,Pamirs,14.03.12//173,38.297204331,71.826624652
RGI32-13.07339,Pamirs,14.03.12//131,38.294701,72.020302
RGI32-13.07365,Pamirs,14.03.12//168,38.337078481,71.88526996
RGI32-13.07401,Pamirs,14.03.12//167,38.326896667,71.909515381
RGI32-13.07408,Pamirs,14.03.12//171DaraBuguz,38.282577515,71.842025757
RGI32-13.07413,Pamirs,14.03.13//64a,38.279201,71.923302
RGI32-13.07419,Pamirs,14.03.12//159,38.3251989999999,71.9282989999999
RGI32-13.07420,Pamirs,14.03.12//158Kaddaht,38.3232,71.9458999999999
RGI32-13.07449,Pamirs,14.03.13//25aduyts,38.081897772,71.768701791
RGI32-13.07478,Pamirs,14.03.14//53,37.9642979999999,72.584297
RGI32-13.07520,Pamirs,14.03.15//117,37.789501,72.4503019999999
RGI32-13.07524,Pamirs,14.03.13//671,38.006802,72.4066009999999
RGI32-13.07547,Pamirs,14.03.13//693,38.0197441748075,72.2783734654128
RGI32-13.07548,Pamirs,14.03.13//689,38.0033,72.3019029999999
RGI32-13.07550,Pamirs,14.03.13//697,38.061578324,72.236051607
RGI32-13.07555,Pamirs,14.03.13//682,38.006108558,72.32995091
RGI32-13.07572,Pamirs,14.03.14//124,38.0904999999999,72.7988969999999
RGI32-13.07582,Pamirs,14.03.14//100,37.994141442,72.724108626
RGI32-13.07583,Pamirs,14.03.14//126a,38.095799,72.8152999999999
RGI32-13.07590,Pamirs,14.03.14//101,37.98510607,72.746483712
RGI32-13.07592,Pamirs,14.03.14//93,38.0185999999999,72.7211
RGI32-13.07618,Pamirs,14.03.14//82,38.1015009999999,72.654503
RGI32-13.07625,Pamirs,14.03.14//47,37.990178,72.5261675051193
RGI32-13.07627,Pamirs,14.03.14//7,38.152199,72.4919969999999
RGI32-13.07629,Pamirs,14.03.13//650,37.978901,72.5019989999999
RGI32-13.07630,Pamirs,14.03.14//46,38.0154989999999,72.541702
RGI32-13.07657,Pamirs,14.03.14//6,38.14985339,72.464313736
RGI32-13.07669,Pamirs,14.03.13//612,38.1548,72.3546979999999
RGI32-13.07670,Pamirs,14.03.14//23,38.145484999,72.525513134
RGI32-13.07671,Pamirs,14.03.14//31,38.093201,72.4789959999999
RGI32-13.07675,Pamirs,14.03.13//609,38.140661943,72.40216442
RGI32-13.07745,Pamirs,14.03.15//77,37.785198,72.2325969999999
RGI32-13.07781,Pamirs,14.03.15//559,37.5637019999999,72.1239999999999
RGI32-13.07799,Pamirs,14.03.15//37,37.792301,72.018501
RGI32-13.07856,Pamirs,14.03.15//519,37.634701,72.1640009999999
RGI32-13.07859,Pamirs,14.03.15//500,37.610599,72.249397
RGI32-13.07867,Pamirs,14.03.15//511,37.611154336,72.21726954
RGI32-13.07868,Pamirs,14.03.15//510,37.600989575,72.207349692
RGI32-13.07869,Pamirs,14.03.15//506,37.635601,72.254501
RGI32-13.07897,Pamirs,14.03.15//532,37.666801,72.0238039999999
RGI32-13.07901,Pamirs,14.03.15//538,37.663502,71.956596
RGI32-13.07905,Pamirs,14.03.15//544,37.652599,72.019699
RGI32-13.07906,Pamirs,14.03.15//542,37.634399,72.001801
RGI32-13.07907,Pamirs,14.03.15//536,37.64719744,71.987225661
RGI32-13.07913,Pamirs,14.03.15//405,37.658293627,72.684417002
RGI32-13.07919,Pamirs,14.03.15//414,37.64334189,72.62115309
RGI32-13.07958,Pamirs,14.03.15//100,37.795799,72.339798
RGI32-13.08036,Pamirs,14.03.15//46,37.827202,72.0896989999999
RGI32-13.08077,Pamirs,14.03.15//185,37.8564989999999,72.6427989999999
RGI32-13.08101,Pamirs,14.03.15//159,37.891998,72.5553969999999
RGI32-13.08116,Pamirs,14.03.13//818,37.9093019999999,72.044296
RGI32-13.08119,Pamirs,14.03.15//160,37.907398,72.5382
RGI32-13.08136,Pamirs,14.03.13//725,37.916801,72.2583999999999
RGI32-13.08139,Pamirs,14.03.15//129Safedob,37.8728979999999,72.319702
RGI32-13.08142,Pamirs,14.03.13//801,37.889999,72.163696
RGI32-13.08144,Pamirs,14.03.13//803,37.8708,72.1524959999999
RGI32-13.08159,Pamirs,14.03.15//43,37.811798,72.0644989999999
RGI32-13.08164,Pamirs,14.03.15//57,37.7899019999999,72.1461029999999
RGI32-13.08165,Pamirs,14.03.15//33,37.8275989999999,71.9740979999999
RGI32-13.08171,Pamirs,14.03.15//44,37.8219989999999,72.0711969999999
RGI32-13.08173,Pamirs,14.03.15//36,37.8081019999999,72.033798
RGI32-13.08176,Pamirs,14.03.15//53,37.7981989999999,72.128403
RGI32-13.08185,Pamirs,14.03.13//722,37.8997,72.279297
RGI32-13.08186,Pamirs,14.03.15//58,37.804001,72.1378019999999
RGI32-13.08192,Pamirs,14.03.13//829,37.874802,72.0599979999999
RGI32-13.08194,Pamirs,14.03.13//814,37.8939019999999,72.0669019999999
RGI32-13.08201,Pamirs,14.03.13//806Udarif,37.857899,72.1106029999999
RGI32-13.08203,Pamirs,14.03.13//732,37.9221,72.234497
RGI32-13.08227,Pamirs,14.03.13//821,37.929901,72.0369029999999
RGI32-13.08236,Pamirs,14.03.15//144,37.8401989999999,72.498001
RGI32-13.08237,Pamirs,14.03.15//145,37.854199,72.508598
RGI32-13.08243,Pamirs,14.03.15//167a,37.924702,72.4803009999999
RGI32-13.08244,Tibetan Plateau,14.03.15//154,37.862301,72.5258029999999
RGI32-13.08293,Pamirs,Ha-lungHalongglacier,34.764,99.492
RGI32-13.08713,Pamirs,14.03.14//410,38.068488537,73.450137884
RGI32-13.08893,Pamirs,14.03.14//430,38.0205989999999,73.4280009999999
RGI32-13.08897,Pamirs,14.03.14//400,38.023742702,73.405103682
RGI32-13.08908,Pamirs,14.03.14//404,38.033815181,73.421359336
RGI32-13.08926,Pamirs,14.03.14//405,38.046445863,73.446526624
RGI32-13.08935,Pamirs,14.03.14//312,38.0411,73.113701
RGI32-13.08955,Pamirs,14.03.14//317,38.026699,73.1689989999999
RGI32-13.16009,Tibetan Plateau,CentralYulinchuanCYG,36.411301,87.2914959999999
RGI32-13.29906,Tibetan Plateau,CN5O281A0265,30.4541,93.656197
RGI32-13.31298,Tibetan Plateau,Langjiabao,29.67447942,95.01620231
RGI32-13.31306,Tibetan Plateau,CN5O232A0004,29.664653778,95.120193481
RGI32-13.31314,Tibetan Plateau,ZelunglungZelongnong,29.622556686,95.031951904
RGI32-13.31328,Tian Shan,Nanjiabawa,29.6644989999999,95.0776979999999
RGI32-13.41883,Tian Shan,Unnamed68(neartheendofMushketov),42.2391009999999,79.7133029999999
RGI32-13.42245,Tian Shan,Qinbingtanno74,41.7711979999999,79.9635009999999
RGI32-13.42389,Tian Shan,"LednikMushketovaMushketov710a,b",42.288502,79.9376979999999
RGI32-13.42410,Tian Shan,Shokal'sky,42.063,80.1213989999999
RGI32-13.42441,Tian Shan,Kaindy,42.0499,79.7677989999999
RGI32-13.42478,Pamirs,Qongterang,41.9001009999999,80.1324999999999
RGI32-13.45651,Pamirs,14.03.16//181,37.002102,71.758797
RGI32-13.45737,Pamirs,14.03.16//16Churzh,37.059502,71.676201
RGI32-13.45753,Pamirs,14.03.16//177,36.9795,71.7191009999999
RGI32-13.45754,Pamirs,14.03.16//53Gandarv,37.0443,71.6838989999999
RGI32-13.45757,Pamirs,14.03.16//54,37.0168,71.7017969999999
RGI32-13.45873,Pamirs,14.03.16//220,37.0663989999999,72.188698
RGI32-13.45881,Pamirs,14.03.16//221Ganzek,37.078201,72.200203
RGI32-13.45960,Pamirs,14.03.16//105,36.761604646,71.802548356
RGI32-13.45975,Pamirs,14.03.16//110,36.7677094999999,71.7862247972972
RGI32-13.45977,Pamirs,14.03.16//97Khurport,36.821857532,71.724140184
RGI32-13.45979,Pamirs,14.03.16//123,36.862281334,71.760737352
RGI32-13.45980,Pamirs,14.03.16//137,36.825133718,71.845792411
RGI32-13.45982,Pamirs,14.03.16//153,36.880094951,71.821950204
RGI32-13.45983,Pamirs,14.03.16//158,36.919915645,71.814680932
RGI32-13.45984,Pamirs,14.03.16//120,36.930749185,71.6995561
RGI32-13.46148,Pamirs,14.03.16//266-KishtiDzharob,37.133099,72.5568009999999
RGI32-13.46155,Pamirs,14.03.16//263,37.1315,72.514801
RGI32-13.46171,Pamirs,14.03.16//284,37.190201,72.6162029999999
RGI32-13.46172,Pamirs,14.03.15//752,37.2299,72.635902
RGI32-13.46191,Pamirs,14.03.16//295,37.2563019999999,72.68
RGI32-13.46195,Pamirs,14.03.16//176,36.963501,71.7193979999999
RGI32-13.46199,Pamirs,14.03.15//745,37.2993999999999,72.666397
RGI32-13.46320,Pamirs,14.03.15//740,37.376801,72.6708979999999
RGI32-13.46352,Pamirs,14.03.16//67Khudusk,36.964177508,71.688340333
RGI32-13.46353,Pamirs,14.03.16//66,36.9679989999999,71.679901
RGI32-13.46359,Pamirs,14.03.15//861,36.978118896,71.899627686
RGI32-14.00894,Pamirs,Tarshing,35.2871019999999,74.687599
RGI32-14.01223,Pamirs,Karambar,36.612099,74.246803
RGI32-14.01723,Pamirs,SumaiyarBurburpu,36.0673,74.8171
RGI32-14.01724,Pamirs,Hispar,36.1413,75.2929
RGI32-14.01725,Pamirs,Braldu,36.0481989999999,75.780296
RGI32-14.01739,Pamirs,Unnamed06,36.185799,75.7780989999999
RGI32-14.01818,Pamirs,Kit-ke-jerav(alsocalledKuk-ke-jeravorWyennglacier),36.68788314,74.36163519
RGI32-14.01836,Pamirs,TauraWest,36.2905999999999,75.015099
RGI32-14.01839,Pamirs,Bualtar,36.0877239,74.73941229
RGI32-14.01840,Pamirs,SumayarBar,36.188499,74.675201
RGI32-14.01841,Pamirs,Minapin,36.1693989999999,74.5954969999999
RGI32-14.01860,Pamirs,BaltBareBaltbar,36.344101,74.9764019999999
RGI32-14.01876,Pamirs,Pisan,36.182701,74.5068969999999
RGI32-14.01882,Pamirs,Hassanabad,36.3618999999999,74.487198
RGI32-14.01884,Pamirs,Baltar,36.428001,74.399399
RGI32-14.01885,Pamirs,Kukuar,36.4836999999999,74.2428969999999
RGI32-14.01886,Pamirs,Yishkuk(sometimescalledYashkukglacier),36.7102009999999,74.2856979999999
RGI32-14.02022,Pamirs,YengutzHar,36.1134989999999,74.957604
RGI32-14.02023,Pamirs,Garumbar,36.068401,74.9809039999999
RGI32-14.02956,Pamirs,Mani,35.8779979999999,74.9070969999999
RGI32-14.02962,Pamirs,KutiahKutiÃ»h,35.8078,74.9375
RGI32-14.04252,Pamirs,Shigar-Basha,35.7557,75.2821
RGI32-14.04253,Pamirs,MarpahGans,35.7854999999999,75.195503
RGI32-14.04256,Pamirs,Chiring,35.8475,75.9586
RGI32-14.04260,Karakoram,NangBrok,35.630501,75.711601
RGI32-14.04281,Karakoram,ChingKangWest,35.495899,75.969299
RGI32-14.04309,Karakoram,SkoroLaGans,35.5691989999999,75.8452989999999
RGI32-14.04341,Tibetan Plateau,Unnamed28,35.5384,75.9817
RGI32-14.04359,Tibetan Plateau,feriole2ndSouthorShingchukpi,35.8534,76.0493
RGI32-14.04425,Pamirs,FirstFeriole,35.8223,76.0357
RGI32-14.04436,Karakoram,Tonga,35.8026,75.6804
RGI32-14.04651,Karakoram,Masherbrum,35.5535,76.3187
RGI32-14.04652,Karakoram,Gondokoro,35.618301,76.3515009999999
RGI32-14.04682,Karakoram,Unnamed29,35.2837979999999,76.536102
RGI32-14.04694,Karakoram,Unnamed31,35.3791009999999,76.841103
RGI32-14.06723,Karakoram,SultanChhussku,34.8926009999999,77.940697
RGI32-14.06726,Karakoram,Unnamed19,35.0069999999999,77.7527999999999
RGI32-14.06743,Karakoram,Unnamed20,34.829498,77.8340989999999
RGI32-14.06751,Karakoram,TughmoZarpoWest,34.8933979999999,77.8499979999999
RGI32-14.06756,Karakoram,ChamshingEast,34.908199,77.698998
RGI32-14.06758,Karakoram,Chamshingwest,34.9352,77.6794969999999
RGI32-14.06797,Karakoram,ChongKumdunKumdan,35.1593019999999,77.613297
RGI32-14.06848,Karakoram,RimoSouth,35.328701,77.4651029999999
RGI32-14.07618,Karakoram,Unnamed23,34.490299,78.4543989999999
RGI32-14.07704,Karakoram,Unnamed22,34.553001,78.3566969999999
RGI32-14.07774,Karakoram,Unnamed21,34.5704989999999,78.398003
RGI32-14.07829,Karakoram,Unnamed24,34.4005009999999,78.530296
RGI32-14.08327,Pamirs,Unnamed26,35.5509989999999,77.4350969999999
RGI32-14.08771,Tibetan Plateau,TatuluGou,36.3018,76.4184039999999
RGI32-14.09063,Tibetan Plateau,Gasherbrum,35.8056,76.6151
RGI32-14.09285,Pamirs,QogoriWest,35.9716,76.295303
RGI32-14.09286,Pamirs,Unnamed02,36.130001,76.1755979999999
RGI32-14.09453,Tibetan Plateau,Unnamed03,36.16420062,76.1428842
RGI32-14.10133,Tibetan Plateau,Unknown16,35.683601,76.9345019999999
RGI32-14.11327,Tibetan Plateau,Unnamed13,35.9324,76.2641979999999
RGI32-14.11926,Pamirs,Sagan,35.6727,76.8027
RGI32-14.11933,Karakoram,BeiYengisogat,35.999699,76.1345979999999
RGI32-14.11934,Tibetan Plateau,ChangTokEast,35.8872989999999,76.276398
RGI32-14.11936,Tibetan Plateau,SkyangNW,35.9472999999999,76.475098
RGI32-14.11937,Karakoram,Unknown17,35.64707079,77.03316365
RGI32-14.22709,Karakoram,Unnamed18,35.2289999999999,77.5631029999999
RGI32-14.22710,Karakoram,KichikKumdunKumdan,35.118698,77.6443019999999
RGI32-14.22711,Karakoram,Aktash,35.0578,77.6673
RGI32-14.22713,Pamirs,CentralRimo,35.444302,77.4350969999999
RGI32-14.22726,Karakoram,UzunBar,35.979801,75.597199
RGI32-14.22730,Karakoram,Chagaran,35.612202,76.2248989999999
RGI32-14.22731,Pamirs,Lokpar-Alling,35.4762989999999,76.241798
RGI32-14.22768,Pamirs,Virjerab,36.1486,75.6534
RGI32-14.22773,Tibetan Plateau,Khurdopin,36.188599,75.523003
RGI32-14.22774,Tibetan Plateau,TeramShehr,35.4626009999999,77.003304
RGI32-15.06695,Tibetan Plateau,MiduiGlacier,29.4154173,96.51195673
RGI32-15.11438,Andes,YagnungYagningBingchuan,29.3359999999999,96.6664959999999
RGI32-12.00014,Caucasus,G042428E43378N,43.3778,42.4276009
RGI32-12.00080,Caucasus,G042422E43310N,43.3100014,42.4219017
RGI32-12.00131,Caucasus,G044441E42732N,42.7314987,44.4412994
RGI32-12.00479,Caucasus,G042402E43353N,43.3532982,42.4019012
RGI32-12.00840,Caucasus,G044523E42715N,42.7148018,44.5228996
RGI32-12.00887,Caucasus,G042375E43336N,43.3362999,42.3748016
RGI32-12.01025,Caucasus,G044538E42697N,42.6966019,44.5383987
RGI32-12.01251,Caucasus,G044507E42723N,42.7230988,44.5070992
RGI32-01.21841,Alaska-Yukon,Hook,58.4614979999999,-154.455002
RGI32-01.21883,Alaska-Yukon,LittleDouglas,58.8601,-153.615996999999
RGI32-01.21898,Alaska-Yukon,Douglas,58.8324009999999,-153.690001999999
RGI32-01.22068,Alaska-Yukon,Adams,58.7826,-135.839996
RGI32-01.22095,Alaska-Yukon,RomerRenduF,58.983299,-136.746002
RGI32-01.22134,Alaska-Yukon,Kashoto,58.8554,-137.018004999999
RGI32-01.22212,Alaska-Yukon,LittleRainyHollow,59.526001,-136.589003999999
RGI32-01.22267,Alaska-Yukon,Casementtrib,59.071499,-135.834
RGI32-01.22286,Alaska-Yukon,RainyHollow,59.520699,-136.647003
RGI32-01.22287,Alaska-Yukon,Toyatte,58.9114989999999,-137.117996
RGI32-01.22298,Alaska-Yukon,Elephant,59.4774019999999,-136.794006
RGI32-01.22307,Alaska-Yukon,Tyeen,58.8700979999999,-137.179993
RGI32-01.22308,Alaska-Yukon,TyeenNortheast,58.895699,-137.141007
RGI32-01.22316,Alaska-Yukon,JohnHopkins1stNorth,58.768002,-137.193999999999
RGI32-01.22333,Alaska-Yukon,Netland4*8ABQ20,59.389198,-137.893004999999
RGI32-01.22343,Alaska-Yukon,Towagh,59.386299,-137.222
RGI32-01.22373,Alaska-Yukon,LaPerouse,58.5568999999999,-137.192001
RGI32-01.22374,Alaska-Yukon,Finger,58.5065,-137.111999999999
RGI32-01.22377,Alaska-Yukon,Tsiatka,59.367401,-137.082992999999
RGI32-01.22383,Alaska-Yukon,Shrimp,59.0598979999999,-136.895996
RGI32-01.22387,Alaska-Yukon,RenduB,59.027901,-136.768997
RGI32-01.22390,Alaska-Yukon,RenduA,59.066101,-136.738998
RGI32-01.22395,Alaska-Yukon,ThreeT,59.1325989999999,-137.022995
RGI32-01.22396,Alaska-Yukon,Lahkit,59.2384989999999,-137.158005
RGI32-01.22397,Alaska-Yukon,SinnamokstSinnamoxt,59.2244,-137.104996
RGI32-01.22412,Alaska-Yukon,Gilman,58.791699,-137.026001
RGI32-01.22424,Alaska-Yukon,Miur,59.216999,-136.464003999999
RGI32-01.22440,Alaska-Yukon,UnnamedPA1969131,58.951698,-135.542999
RGI32-01.22463,Alaska-Yukon,Garrison,59.1161999999999,-135.693999999999
RGI32-01.22475,Alaska-Yukon,Margerie4thSouth,58.9438019999999,-137.279999
RGI32-01.22510,Alaska-Yukon,Hoonah,58.8312,-137.016007
RGI32-01.22515,Alaska-Yukon,4*8ABQ9,59.374001,-137.789993
RGI32-01.22517,Alaska-Yukon,4*8ABQ1,59.362,-137.744994999999
RGI32-01.22531,Alaska-Yukon,CA2N003CH075,59.2799989999999,-137.556
RGI32-01.22538,Alaska-Yukon,TonahnousTamahnous,59.428398,-137.145996
RGI32-01.22543,Alaska-Yukon,Stotekin,59.2256009999999,-137.048995999999
RGI32-01.22565,Alaska-Yukon,Tikke,59.243301,-137.087997
RGI32-01.22566,Alaska-Yukon,Basement,59.332901,-137.279007
RGI32-01.22567,Alaska-Yukon,Ikt,59.2727009999999,-137.209
RGI32-01.22583,Alaska-Yukon,Topeka,58.9332009999999,-137.115005999999
RGI32-01.22591,Alaska-Yukon,MoxtMokst,59.2566989999999,-137.212006
RGI32-01.22592,Alaska-Yukon,Kloon,59.2485009999999,-137.184006
RGI32-01.22593,Alaska-Yukon,CA2N002FA012,59.106701,-137.406005999999
RGI32-01.22594,Alaska-Yukon,Kwinnum,59.224899,-137.152999999999
RGI32-01.22599,Alaska-Yukon,Rendu,59.0929989999999,-136.871994
RGI32-01.22600,Alaska-Yukon,Carroll,59.1609989999999,-136.738998
RGI32-01.22602,Alaska-Yukon,Jarvis,59.402,-136.604996
RGI32-01.22603,Alaska-Yukon,4*8ACF87,59.460602,-136.692993
RGI32-01.22688,Alaska-Yukon,Romer,59.0047989999999,-136.759995
RGI32-01.22813,Alaska-Yukon,RenduC,59.082901,-136.777999999999
RGI32-01.23043,Alaska-Yukon,Kwaist,59.1717,-136.994994999999
RGI32-01.23152,Alaska-Yukon,Towagh1stNorth,59.408299,-137.195007
RGI32-01.23392,Alaska-Yukon,Lacuna,62.798599,-151.613007
RGI32-01.23441,Alaska-Yukon,WestForkChultina,63.282398,-150.076004
RGI32-01.23456,Alaska-Yukon,ToklatEast,63.367401,-150.044997999999
RGI32-01.23463,Alaska-Yukon,LittleOhio,63.1743999999999,-150.087997
RGI32-01.23466,Alaska-Yukon,OhioUnnamedPA1969106,63.20299868,-150.05599536
RGI32-01.23468,Alaska-Yukon,UnnamedPA1969107,63.2249979999999,-150.039993
RGI32-01.23518,Alaska-Yukon,LacunaB,62.7422979999999,-151.427994
RGI32-01.23888,Alaska-Yukon,Brooks,63.117699,-150.654999
RGI32-01.23890,Alaska-Yukon,Eldridge1stNorth,63.021301,-150.108994
RGI32-01.23897,Alaska-Yukon,Ruth,62.9143979999999,-150.684998
RGI32-01.23905,Alaska-Yukon,TokositnaTokochitna,62.791302,-150.818999999999
RGI32-01.23915,Alaska-Yukon,Peters,63.1379999999999,-151.068999999999
RGI32-01.23916,Alaska-Yukon,PetersDome,63.1633989999999,-151.203994999999
RGI32-01.23921,Alaska-Yukon,Straightaway,63.137402,-151.417999
RGI32-01.23923,Alaska-Yukon,Foraker,63.0217019999999,-151.423003999999
RGI32-01.23927,Alaska-Yukon,Herron,62.983898,-151.593994
RGI32-01.23934,Alaska-Yukon,Chedotlothna,62.845699,-151.934006
RGI32-01.23941,Alaska-Yukon,Toklat,63.3694989999999,-150.121002
RGI32-01.24251,Alaska-Yukon,Peshak,59.3298989999999,-137.027999999999
RGI32-01.24258,Alaska-Yukon,PenticeIcecapsSE,59.316502,-137.365005999999
RGI32-01.24286,Alaska-Yukon,4*9CAT26,61.390999,-140.056
RGI32-01.24290,Alaska-Yukon,BackeJackal4*9CAS92,61.212299,-140.335006999999
RGI32-01.24292,Alaska-Yukon,CongruentG4*9CAS5,61.2635989999999,-139.837006
RGI32-01.24362,Alaska-Yukon,4*9CBE52,61.310299,-140.455002
RGI32-01.24367,Alaska-Yukon,YukonA,60.9966009999999,-141.110001
RGI32-01.24428,Alaska-Yukon,Variegated,59.9989009999999,-139.167007
RGI32-01.24493,Alaska-Yukon,Chisana1stwest,61.988602,-142.584
RGI32-01.24506,Alaska-Yukon,UnnamedPA1969144,59.786999,-150.121994
RGI32-01.24522,Alaska-Yukon,4*9CBF26,61.3945009999999,-140.587006
RGI32-01.24654,Alaska-Yukon,SlipperyCreek,63.1791989999999,-151.132995999999
RGI32-01.24867,Alaska-Yukon,LacunaA,62.720001,-151.436004999999
RGI32-01.24885,Alaska-Yukon,UnnamedPA1969141,60.3363,-148.996002
RGI32-01.25186,Alaska-Yukon,TyeenNorthwest,58.880901,-137.166
RGI32-13.08970,Pamirs,14.03.14//328,38.049999,73.2043989999999
RGI32-13.08974,Pamirs,14.03.14//306,38.056702,73.092697
RGI32-13.08986,Pamirs,14.03.14//329,38.0568999999999,73.224602
RGI32-13.09021,Pamirs,14.03.14//343,38.084534699,73.311102782
RGI32-13.09030,Pamirs,14.03.14//342,38.085281807,73.287145433
RGI32-13.09071,Pamirs,14.03.14//336,38.107063293,73.287078857
RGI32-13.09103,Pamirs,14.03.14//292,38.132198,73.177498
RGI32-13.09126,Pamirs,14.03.14//288,38.132801,73.1289979999999
RGI32-13.09152,Pamirs,14.03.14//217,38.1306,72.9927979999999
RGI32-13.09264,Pamirs,14.03.14//249,38.232184203,73.168439369
RGI32-13.09283,Pamirs,14.03.14//250,38.226399,73.181297
RGI32-13.09322,Pamirs,14.03.14//714,38.3678019999999,73.468102
RGI32-13.09326,Pamirs,14.03.14//712,38.379601,73.4635009999999
RGI32-13.09328,Pamirs,14.03.14//611a,38.4067,73.573998
RGI32-13.09329,Pamirs,14.03.14//610b,38.4212989999999,73.5670999999999
RGI32-13.09343,Pamirs,14.03.14//709,38.4161,73.4854959999999
RGI32-13.09347,Pamirs,14.03.13//502aSovetskikhofitserov,38.4360009999999,73.365097
RGI32-13.09359,Pamirs,14.03.14//749,38.4043009999999,73.3144
RGI32-13.09364,Pamirs,14.03.14//710,38.4104,73.4557039999999
RGI32-13.09376,Pamirs,14.03.13//453a,38.468102,73.384201
RGI32-13.09377,Pamirs,14.03.13//453b,38.4677009999999,73.4063029999999
RGI32-13.09471,Pamirs,14.03.13//511,38.440899,73.3028029999999
RGI32-13.09477,Pamirs,14.03.13//499,38.4827,73.3562009999999
RGI32-13.09532,Pamirs,14.03.13//471,38.533901,73.2505029999999
RGI32-13.09539,Pamirs,14.03.13//463,38.5317,73.2863009999999
RGI32-13.09545,Pamirs,14.03.13//497,38.511441889,73.263719277
RGI32-13.09556,Pamirs,14.03.13//465,38.551102,73.2829969999999
RGI32-13.09566,Pamirs,14.03.13//470,38.560501,73.2702029999999
RGI32-13.09653,Pamirs,14.03.17//122,38.638199,73.3769
RGI32-13.09658,Pamirs,14.03.17//118,38.6455989999999,73.425499
RGI32-13.09689,Pamirs,14.03.13//437,38.6068,73.351601
RGI32-13.09693,Pamirs,14.03.17//119,38.6439019999999,73.4048999999999
RGI32-13.09702,Pamirs,14.03.17//125,38.642502,73.351799
RGI32-13.09708,Pamirs,14.03.13//431,38.643913269,73.290344238
RGI32-13.09868,Pamirs,14.03.14//716,38.360298,73.4914019999999
RGI32-13.09960,Pamirs,14.03.13//520Karadzhilga,38.4039989999999,73.2314989999999
RGI32-13.10018,Pamirs,14.03.13//524Aydemge,38.389099,73.172897
RGI32-13.10208,Pamirs,14.03.13//479,38.492001,73.2004009999999
RGI32-13.10225,Pamirs,14.03.14//597Kyzyldzhilga,38.485599,73.5883029999999
RGI32-13.10234,Pamirs,14.03.14//598,38.4883999999999,73.607697
RGI32-13.10260,Pamirs,14.03.17//103,38.510399,73.493401
RGI32-13.10363,Pamirs,14.03.08//113,39.192101,71.8144989999999
RGI32-13.10379,Pamirs,14.03.07//253,39.3280979999999,72.1345979999999
RGI32-13.10381,Pamirs,14.03.07//243b,39.2789554999999,72.1477574032257
RGI32-13.10382,Pamirs,14.03.07//243aEastKashkasu,39.2747,72.169998
RGI32-13.10415,Pamirs,14.03.08//158,39.311298,72.067902
RGI32-13.10418,Pamirs,14.03.07//255c,39.3286019999999,72.088898
RGI32-13.10420,Pamirs,14.03.08//159,39.287399,72.054398
RGI32-13.10425,Pamirs,14.03.07//256,39.343601,72.0852969999999
RGI32-13.10433,Pamirs,14.03.07//244aAverageKashkasu/SredniyKashkasu,39.277199,72.1325989999999
RGI32-13.10435,Pamirs,14.03.07//255b,39.321499,72.098602
RGI32-13.10438,Pamirs,14.03.07//254,39.323101,72.1162029999999
RGI32-13.10443,Pamirs,14.03.08//125,39.229199,71.8909
RGI32-13.10451,Pamirs,14.03.08//119a,39.2538989999999,71.826401
RGI32-13.10453,Pamirs,14.03.08//119d,39.275666236,71.83129561
RGI32-13.10454,Pamirs,14.03.08//123aSurhangau,39.261799,71.8934019999999
RGI32-13.10455,Pamirs,14.03.08//121,39.277199,71.861
RGI32-13.10456,Pamirs,14.03.08//132Satsu,39.224973167,71.925758062
RGI32-13.10466,Pamirs,14.03.08//130,39.2115122,71.89227246
RGI32-13.10479,Pamirs,14.03.08//147,39.270901,71.955399
RGI32-13.10497,Pamirs,14.03.07//271Kechsu,39.2962989999999,71.888001
RGI32-13.10512,Pamirs,14.03.08//150aMalyykyzylsu,39.32749176,71.968223572
RGI32-13.10522,Pamirs,14.03.08//104,39.242901638,71.786723734
RGI32-13.10529,Pamirs,14.03.08//141,39.232498,71.9963
RGI32-13.10530,Pamirs,14.03.08//143,39.2375979999999,71.9856029999999
RGI32-13.10531,Pamirs,14.03.08//102,39.2312999999999,71.754097
RGI32-13.10532,Pamirs,14.03.08//144aKyzylsu,39.2570989999999,71.935997
RGI32-13.10534,Pamirs,14.03.07//259,39.368534953,72.0970973
RGI32-13.10574,Tian Shan,14.03.08//149,39.2999,71.9838029999999
RGI32-13.10874,Tian Shan,EKonyandy,41.849701,78.3820039999999
RGI32-13.10986,Tian Shan,Chomoi,41.9394989999999,78.2839969999999
RGI32-13.10997,Tian Shan,BorduNorth,41.793301,78.1633989999999
RGI32-13.11122,Tian Shan,BesymyannyBezymyanny,42.028198,78.673798
RGI32-13.13689,Pamirs,BogatirBogatyrLednikBogatyr,43.063,77.299896
RGI32-13.15110,Tibetan Plateau,Abramova,39.629577637,71.502288818
